Date,MarketPrice,MinersRevenue,TradeVolume,TransctionFee,TransactionPerSec,Return
2/19/2019,3910.8,7748245.938,429150386.5,0.410798736,3.1,0.004022195
2/20/2019,3926.53,6596656.215,374321248.7,0.467981591,3.5,0.015446208
2/21/2019,3987.18,6051778.486,235445371.3,0.457964261,4.816666667,-0.010609002
2/22/2019,3944.88,8096363.882,196426384.2,0.43701473,3.166666667,0.009784835
2/23/2019,3983.48,7190247.783,157385980.3,0.308209972,2.383333333,0.039191862
2/24/2019,4139.6,7119748.032,242874099,0.368826052,3.466666667,-0.090035269
2/25/2019,3766.89,6913971.366,400105758.7,0.437795357,3.7,0.021619957
2/26/2019,3848.33,7878415.307,1734750236,0.375138468,3.866666667,-0.004386318
2/27/2019,3831.45,6801908.847,127504717.3,0.359796107,4.75,0.000464576
2/28/2019,3833.23,7350871.435,226984139.5,0.311012409,3.75,0.004395771
3/1/2019,3850.08,7830758.118,245942956.4,0.327904987,3.183333333,-0.004015501
3/2/2019,3834.62,6565214.955,156175559.7,0.286647422,3.883333333,-0.000829287
3/3/2019,3831.44,7016670.618,120293269.6,0.229766112,3.95,-0.004400434
3/4/2019,3814.58,6497311.764,79501797.94,0.348014269,3.516666667,-0.021915912
3/5/2019,3730.98,7114388.352,216413666.7,0.38270381,3.333333333,0.037864046
3/6/2019,3872.25,6388631.337,278485172.5,0.534873557,2.616666667,0.00118794
3/7/2019,3876.85,7588198.88,148582990,0.513110446,3.966666667,0.002571675
3/8/2019,3886.82,7193574.076,136348518.4,0.468751144,3.333333333,-0.002794058
3/9/2019,3875.96,7087594.993,317288682.5,0.398737322,2.733333333,0.019246845
3/10/2019,3950.56,6690849.408,111238999.4,0.348878264,2.633333333,-0.005667551
3/11/2019,3928.17,6977449.877,83936704.46,0.403383399,2.833333333,-0.011985225
3/12/2019,3881.09,7088005.704,116557011.3,0.423441191,2.666666667,0.002942472
3/13/2019,3892.51,6637474.194,209075742.7,0.485384844,3.616666667,-0.00378676
3/14/2019,3877.77,7600598.594,159688391.2,0.481901031,2.666666667,0.001918628
3/15/2019,3885.21,7723228.792,168146954.6,0.406077446,4.05,0.013201346
3/16/2019,3936.5,8496146.107,296835128.5,0.338687293,2.55,0.020182904
3/17/2019,4015.95,7297849.339,184298451.3,0.292492362,2.35,-0.005236619
3/18/2019,3994.92,8269486.756,105693358.7,0.303633708,4,0.000963724
3/19/2019,3998.77,8830120.093,115735520.4,0.290456263,2.9,0.007587333
3/20/2019,4029.11,8742662.153,103002102,0.353881218,2.7,0.006773208
3/21/2019,4056.4,7388901.058,147543802.3,0.471232255,2.95,-0.015792328
3/22/2019,3992.34,8113657.072,166103501.5,0.361824584,2.2,0.001683223
3/23/2019,3999.06,7382484.151,67712123.91,0.283066339,3.716666667,0.003215756
3/24/2019,4011.92,7499624.087,57296676.79,0.274932295,2.233333333,-0.004439271
3/25/2019,3994.11,7512795.861,48747233.85,0.357561482,2.683333333,-0.014576464
3/26/2019,3935.89,6780907.838,133869301.2,0.38594228,4.45,0.003010755
3/27/2019,3947.74,7721974.785,77182620.04,0.497744918,5.033333333,0.025525997
3/28/2019,4048.51,7609348.211,135317924.5,0.484171002,3.95,-0.00275163
3/29/2019,4037.37,7807462.6,72542414.44,0.700592596,3.95,0.019364091
3/30/2019,4115.55,7321449.75,168998311.2,0.590947052,6.966666667,-0.000269709
3/31/2019,4114.44,7280099.538,104313150.5,0.477554645,4.5,-6.81E-05
4/1/2019,4114.16,7260086.688,53646013.34,0.691091854,3.7,0.009326327
4/2/2019,4152.53,9796335.107,178833230.7,1.331351426,3.083333333,0.175880728
4/3/2019,4882.88,9794906.734,879572364.1,1.985432072,4.733333333,0.015755046
4/4/2019,4959.81,9872137.446,963281105.1,2.167623011,3.9,-0.009792714
4/5/2019,4911.24,10526385.51,476408009.6,1.471419737,2.933333333,0.02393082
4/6/2019,5028.77,9151289.68,335980018.9,1.134767402,5.25,0.004921681
4/7/2019,5053.52,9465714.638,329404453.3,1.24887845,3.433333333,0.02688621
4/8/2019,5189.39,10509444.22,382675686,1.820963818,4.033333333,0.015285034
4/9/2019,5268.71,9214713.996,526197764.2,1.733631623,4.033333333,-0.0176324
4/10/2019,5175.81,10332304.74,411383523.4,1.48423796,3.066666667,0.025961154
4/11/2019,5310.18,10673185.07,368160408.2,1.464808241,4.116666667,-0.051817453
4/12/2019,5035.02,10032844.69,363638962.7,1.347171312,5.3,0.007513376
4/13/2019,5072.85,8912797.683,242714312.9,0.916799744,3.366666667,-0.001622362
4/14/2019,5064.62,8025830.568,106569784.7,0.864516714,5.833333333,0.017353721
4/15/2019,5152.51,9812670.32,131452793.1,1.053761003,2.55,-0.022577346
4/16/2019,5036.18,9626718.555,203887934.3,1.088493866,5.283333333,0.031863436
4/17/2019,5196.65,9679415.784,205894131.2,1.144147795,3.65,0.004564479
4/18/2019,5220.37,10319254.17,242366222.4,0.990644235,3.383333333,0.010715716
4/19/2019,5276.31,10531918.66,217894138.4,1.134472128,4.216666667,0.000138354
4/20/2019,5277.04,9275897.463,186470171.5,0.972376933,4.866666667,0.006109486
4/21/2019,5309.28,11248346.3,147414017.4,0.677811597,4.466666667,-0.005170193
4/22/2019,5281.83,9411111.827,179818212.2,1.087772623,3.733333333,0.018054349
4/23/2019,5377.19,8538019.902,268620376.4,1.712565439,3.683333333,0.026216295
4/24/2019,5518.16,12202481.91,371060447.1,1.793960048,3.05,-0.015217029
4/25/2019,5434.19,10225360.66,360348203.3,1.334631518,5.7,-0.043903507
4/26/2019,5195.61,10183521.95,346365600.4,1.235306298,2.85,0.018711951
4/27/2019,5292.83,9112041.031,344577947.1,0.78174729,6.3,-0.002388136
4/28/2019,5280.19,10771720.95,153300178.7,0.646691283,5.55,0.003996068
4/29/2019,5301.29,11244134.78,104885492.5,0.994149617,3.333333333,-0.007666059
4/30/2019,5260.65,9672352.742,254115382.6,1.272588061,4.683333333,0.001737428
5/1/2019,5269.79,11945018.64,65541116,0.787724249,5.566666667,0.010793599
5/2/2019,5326.67,12941749.35,51098585.51,0.761744647,4.333333333,0.011919267
5/3/2019,5390.16,11122649.23,68390511.78,1.194231399,4.316666667,0.049530997
5/4/2019,5657.14,10035261.37,171606287,0.967777885,5.866666667,0.020140919
5/5/2019,5771.08,9591032.608,120664799.3,1.088117059,6.333333333,-0.0092565
5/6/2019,5717.66,11100910.08,55755075.37,1.140026254,4.083333333,-0.005804822
5/7/2019,5684.47,10026818.29,84401987.36,1.645404384,4.216666667,0.01253415
5/8/2019,5755.72,11731703.73,147447099.5,1.665978272,4.483333333,0.031446978
5/9/2019,5936.72,12149462.76,92603630.08,1.780263903,3.433333333,0.035405072
5/10/2019,6146.91,10770042.58,127082999.9,2.403287103,3.15,0.032717251
5/11/2019,6348.02,11877938.28,169471566.4,2.460959935,3.366666667,0.141822174
5/12/2019,7248.31,15580744.72,358764816.2,2.184793773,3.233333333,-0.037205914
5/13/2019,6978.63,16443665.52,437929061.2,2.138414443,2.35,0.121009424
5/14/2019,7823.11,16211651.62,459019962.2,2.879559842,4.833333333,0.021676801
5/15/2019,7992.69,16983774.49,372592512.2,4.195077248,3.333333333,0.026800739
5/16/2019,8206.9,16642489.04,284130100.1,4.862897708,5.866666667,-0.039106118
5/17/2019,7885.96,15398528.27,295196717.9,4.565002493,3.833333333,-0.066414235
5/18/2019,7362.22,14984659.85,455963414.2,2.744558312,3.516666667,-0.013198465
5/19/2019,7265.05,17128952.08,117316463.3,2.873052514,3.883333333,0.12782431
5/20/2019,8193.7,17411194.29,293462035.9,3.848718497,3.15,-0.022782137
5/21/2019,8007.03,16828129.85,251989801.6,4.228727932,3.166666667,-0.006810265
5/22/2019,7952.5,18104557.65,141589252.4,3.547113395,4.366666667,-0.041065074
5/23/2019,7625.93,16469421.05,162680990.6,3.241893526,5.733333333,0.03335462
5/24/2019,7880.29,16833084.31,151053338.9,4.107662925,5.45,0.015604756
5/25/2019,8003.26,15115205.13,157606998.7,3.048256445,4.033333333,0.008520278
5/26/2019,8071.45,17530637.74,62381654.19,2.082056416,4.983333333,0.083376593
5/27/2019,8744.42,20943626.17,190510656.1,4.138541219,8.916666667,0.002932156
5/28/2019,8770.06,20098452.3,179353690.6,4.336700609,5.933333333,-0.00572174
5/29/2019,8719.88,20660475.75,134279873.7,3.990584662,3.983333333,-0.006525319
5/30/2019,8662.98,18924858.12,139788877.3,4.324696201,5,-0.045079176
5/31/2019,8272.46,13928405.37,291707289.9,5.731200056,3.466666667,0.034010439
6/1/2019,8553.81,17500366.38,174940725.8,4.103578195,2.9,0.000115738
6/2/2019,8554.8,15462127.81,79112822.8,3.404087712,4.633333333,0.021535278
6/3/2019,8739.03,14378777.93,80345418.36,5.758379603,4.166666667,-0.069127809
6/4/2019,8134.92,17028462.32,189061316.6,4.549425034,4.35,-0.05643817
6/5/2019,7675.8,16774166.52,298320274,3.320011156,4.766666667,0.014362021
6/6/2019,7786.04,16576546.92,156168263.7,2.596334265,3.166666667,0.002207798
6/7/2019,7803.23,16904713.85,155472100.7,2.400420415,3.55,0.024997341
6/8/2019,7998.29,12882272.72,152941461.8,1.980147058,2.466666667,-0.008370539
6/9/2019,7931.34,15040475.21,76557021.41,1.627761804,2.333333333,-0.036655849
6/10/2019,7640.61,16318423.02,75192236.29,2.246521181,4.633333333,0.049704147
6/11/2019,8020.38,14984664.36,137334731.2,2.563458422,3.883333333,-0.012817348
6/12/2019,7917.58,14041153.39,119201858.9,2.662764073,4.466666667,0.032267435
6/13/2019,8173.06,16311181.09,170534084.4,2.451532465,3.85,0.007930934
6/14/2019,8237.88,18846894.08,118173871.4,2.691913727,3.516666667,0.055320058
6/15/2019,8693.6,16609185.1,165814336.8,2.073354905,4,0.019079553
6/16/2019,8859.47,15480924.7,110733186.6,2.29493753,4.85,0.013490649
6/17/2019,8978.99,16680372.79,291304564.5,3.368683949,2.75,0.038811715
6/18/2019,9327.48,19759220.1,236199962.6,2.708532509,4.416666667,-0.026941896
6/19/2019,9076.18,21219685.89,91483265.55,2.412693102,4.15,0.022643888
6/20/2019,9281.7,17906834.42,64175901.41,3.172826115,4.716666667,0.026897012
6/21/2019,9531.35,17538287.92,88441301.34,3.663667946,3.6,0.071136827
6/22/2019,10209.38,20226178.73,134167792.4,3.720254747,4.933333333,0.044983143
6/23/2019,10668.63,25447586.8,210388797.6,2.283479151,4.2,0.013670921
6/24/2019,10814.48,25683149.78,92033603.99,2.857160416,2.933333333,0.018772978
6/25/2019,11017.5,22012700.09,90826286.85,3.793843982,3.483333333,0.067973678
6/26/2019,11766.4,28602342.13,188227336.1,5.907108253,4.85,0.099108478
6/27/2019,12932.55,23684931.42,521683547.9,6.525238654,3.45,-0.13916049
6/28/2019,11132.85,25937334.79,423175771.1,5.24107402,4.066666667,0.111516817
6/29/2019,12374.35,27405858.84,251088678.3,3.603235715,3.266666667,-0.039110741
6/30/2019,11890.38,23170049.16,184877335.6,3.661676847,3.666666667,-0.096939711
7/1/2019,10737.73,20510124.42,172764921.6,4.029535847,5.35,-0.01480853
7/2/2019,10578.72,21634656.18,171482109.1,3.246306102,3.883333333,0.021427923
7/3/2019,10805.4,25660429.83,240430091,2.689392415,3.266666667,0.109145427
7/4/2019,11984.76,25608368.43,273546634,2.668324431,4.6,-0.068776513
7/5/2019,11160.49,27132379.48,130466909.3,2.235180504,3.466666667,-0.018397938
7/6/2019,10955.16,26335706.98,124193828.6,1.675062082,4.233333333,0.025273935
7/7/2019,11232.04,22174981.68,85554897.96,1.646543251,3.866666667,0.021809929
7/8/2019,11477.01,27968213.84,67612787.46,2.106811842,3.55,0.072847371
7/9/2019,12313.08,25335914.87,277905476.8,2.437450165,4.983333333,0.022228395
7/10/2019,12586.78,21508972.68,364111378.8,3.442029812,3.05,-0.038681855
7/11/2019,12099.9,19960968.61,507237487.9,2.841685663,2.783333333,-0.061738527
7/12/2019,11352.87,24773188.33,400745298.7,2.146951861,4.5,0.039734446
7/13/2019,11803.97,20609810.03,223317773.9,1.66643281,2.583333333,-0.03514665
7/14/2019,11389.1,20182908.13,237143043,1.454884938,3.466666667,-0.1055518
7/15/2019,10186.96,19638311.28,163504273.4,1.903448161,4.65,0.067394002
7/16/2019,10873.5,22149573.04,334140371.6,1.793930686,2.566666667,-0.135722628
7/17/2019,9397.72,16501101.44,413796084.1,1.899219035,4.033333333,0.029428415
7/18/2019,9674.28,15933222.49,350207291.4,2.295138544,4.25,0.099674601
7/19/2019,10638.56,16208139.75,400333481,2.482984824,2.35,-0.009663902
7/20/2019,10535.75,24399901.57,266367992.2,1.649644434,3.2,0.021749757
7/21/2019,10764.9,20103997.74,231375270.5,1.396581714,3.533333333,-0.016487845
7/22/2019,10587.41,21529384.36,149533508.5,1.766742293,1.266666667,-0.024915442
7/23/2019,10323.62,18769327.2,207597158.4,1.607887258,3.416666667,-0.04642945
7/24/2019,9844.3,17345757,198778566.7,1.639096212,3.016666667,-0.007327083
7/25/2019,9772.17,19605754.21,207985687,1.660277286,4.4,0.010540136
7/26/2019,9875.17,20745948,132194259.5,1.422244216,2.733333333,-0.002685523
7/27/2019,9848.65,18834366.14,122793165.2,1.131288649,4.166666667,-0.038041762
7/28/2019,9473.99,20994348.81,196200932.7,0.919680288,2.966666667,0.005911976
7/29/2019,9530,20887751.48,93425734.9,1.131284597,2.883333333,-0.003008395
7/30/2019,9501.33,17750997.04,110257994,1.735103036,2.966666667,0.009240812
7/31/2019,9589.13,21676009.16,115667921.7,1.463444528,3.383333333,0.051680392
8/1/2019,10084.7,18606541.39,171671948.9,1.399390856,4.35,0.031976162
8/2/2019,10407.17,22617508.87,173753010.8,1.340394946,5.15,0.011759201
8/3/2019,10529.55,23901417.9,194052551.7,0.901117985,2.666666667,0.027068583
8/4/2019,10814.57,23105969.7,142750701.8,0.712818871,1.65,0.015318223
8/5/2019,10980.23,22256372.32,165486450.2,1.433612459,3.8,0.073564944
8/6/2019,11787.99,24239820.66,360876818.6,1.465021952,6.633333333,-0.027343084
8/7/2019,11465.67,23489547.28,385189642.3,2.237027913,3.066666667,0.04318544
8/8/2019,11960.82,22052437.23,364388175.4,2.467613594,3.733333333,0.002975548
8/9/2019,11996.41,22823177.01,211151931.5,2.246112289,4.383333333,-0.011650986
8/10/2019,11856.64,22285954.37,180122399.3,1.515855848,3.966666667,-0.048447115
8/11/2019,11282.22,22402406.23,185394290.4,1.260478962,3.466666667,0.025227305
8/12/2019,11566.84,19835024.18,104661395.1,1.946766049,3.55,-0.01561187
8/13/2019,11386.26,23339417.34,84492311.64,2.230107874,4.366666667,-0.046383975
8/14/2019,10858.12,20751478.03,193935252.6,1.688708959,3.083333333,-0.077468291
8/15/2019,10016.96,20403806.3,280655886.5,1.517866767,2.866666667,0.02847271
8/16/2019,10302.17,20175209.24,339458149.8,1.615816942,2.983333333,0.005559023
8/17/2019,10359.44,16818757.38,242929696.8,1.264808956,3.833333333,-0.013989173
8/18/2019,10214.52,16497323.4,91003712.31,1.086314222,4.65,0.010091517
8/19/2019,10317.6,22512416.21,77572050.19,1.332962836,4.866666667,0.058120105
8/20/2019,10917.26,21381940.82,171807868.3,1.51672253,4.1,-0.014353418
8/21/2019,10760.56,18133519.93,122315070.3,1.710718322,3.883333333,-0.05865494
8/22/2019,10129.4,18244786.74,236246172.9,1.681858931,3.483333333,-0.001719746
8/23/2019,10111.98,20303216.62,141841653.5,1.243818783,2.75,0.029057613
8/24/2019,10405.81,20913191.15,122936632.7,0.996801943,3.883333333,-0.025179203
8/25/2019,10143.8,20023054.22,117754910.9,0.75638002,2.5,-0.00086161
8/26/2019,10135.06,18051599.15,102865892.8,1.078617724,3.116666667,0.022221871
8/27/2019,10360.28,17790117.82,189624308.4,1.057254664,2.816666667,-0.01817808
8/28/2019,10171.95,19285143.44,102638637.4,0.999122565,4.233333333,-0.044645324
8/29/2019,9717.82,20199158.85,203978693.8,0.928415617,4.083333333,-0.024004355
8/30/2019,9484.55,19625872.03,157535719.8,0.934518519,2.65,0.009851812
8/31/2019,9577.99,20380765.55,112305189.3,0.668406051,2.85,0.002391942
9/1/2019,9600.9,17386554.18,40437358.65,0.675583573,3.95,0.017591059
9/2/2019,9769.79,19567794.84,45179221.48,0.875537167,3.366666667,0.063138512
9/3/2019,10386.64,22232234.97,153032806.8,1.100397813,3.083333333,0.022591521
9/4/2019,10621.29,18375693.84,228788746.9,1.214333385,3.316666667,-0.003495809
9/5/2019,10584.16,22456931.63,196753395.6,1.100238901,4.083333333,-0.000600898
9/6/2019,10577.8,21464687.59,90967493.33,1.094437775,3.283333333,-0.024610978
9/7/2019,10317.47,20094042.86,210268387.8,0.875890274,5.75,0.016451708
9/8/2019,10487.21,23644815.68,65192692.24,0.789162481,2.45,-0.007714158
9/9/2019,10406.31,19160369.49,63124156.14,1.063614861,4,-0.008903252
9/10/2019,10313.66,23662199.32,133582936.9,1.124291088,2.85,-0.020616348
9/11/2019,10101.03,23997270.5,109189912.1,1.033180094,3.25,0.005770699
9/12/2019,10159.32,20481339.86,122176795.1,0.89695442,3.983333333,0.025674947
9/13/2019,10420.16,19643241.85,114864653.9,0.920042364,3.083333333,-0.005399149
9/14/2019,10363.9,20523303.28,95214496.61,0.718465786,3.3,-0.000247976
9/15/2019,10361.33,19411747.05,55063941.31,0.685493486,3.316666667,-0.004912497
9/16/2019,10310.43,21460937.09,40801052.22,0.857924467,2.55,-0.004345115
9/17/2019,10265.63,19262723.37,107174306.4,1.029929533,3.066666667,-0.007332234
9/18/2019,10190.36,22533478.53,91392243.66,0.958491615,3.683333333,-0.003215784
9/19/2019,10157.59,19373703.71,90728914.37,1.041662481,3.6,0.011645479
9/20/2019,10275.88,19539823.59,157389488.4,0.956518325,3.266666667,-0.01000109
9/21/2019,10173.11,21079948.12,89963558.47,0.699688306,4.066666667,-0.019032528
9/22/2019,9979.49,21169975.57,69869004.16,0.643133304,2.7,0.005367008
9/23/2019,10033.05,14647183.8,59501805.67,1.111055213,3.433333333,-0.034851815
9/24/2019,9683.38,19220354.79,120001577.2,1.018382248,3.55,-0.116671038
9/25/2019,8553.61,17222704.4,491431838.4,1.034847383,4.383333333,-0.0141905
9/26/2019,8432.23,18142040.44,269030045.2,0.757686622,3.283333333,-0.044660784
9/27/2019,8055.64,13731933.73,286339496,0.907828357,3.133333333,0.01716313
9/28/2019,8193.9,16399123.57,167290267.7,0.600878632,4.183333333,0.003795506
9/29/2019,8225,14292283.47,99366389.5,0.588071109,2.516666667,-0.020457143
9/30/2019,8056.74,13436667.52,92992826.7,1.06976202,3.4,0.03115404
10/1/2019,8307.74,15347785.33,173526590,1.195980474,3.616666667,0.001827212
10/2/2019,8322.92,15983802.95,170270297.4,0.943771276,2.05,0.007102075
10/3/2019,8382.03,15446657.01,91246610.94,0.953560206,5,-0.017401513
10/4/2019,8236.17,15198779.2,116784278.3,0.671349036,3,-0.009797029
10/5/2019,8155.48,16377861.17,92819801.41,0.472704649,1.95,-0.000955186
10/6/2019,8147.69,15379216.33,56545050.08,0.46826495,3.15,-0.034113964
10/7/2019,7869.74,15743886.01,100404346.4,0.604798172,2.316666667,0.043493178
10/8/2019,8212.02,17060959.45,144876046.2,0.674920399,3.916666667,-0.002681435
10/9/2019,8190,14626389.97,68942273.4,0.817047062,2.95,0.048586081
10/10/2019,8587.92,17831123.68,174962381.2,0.828309015,2.416666667,-0.000118771
10/11/2019,8586.9,17060812.1,113137559.6,0.670074389,4.85,-0.036936496
10/12/2019,8269.73,14021139.92,138474726.8,0.573480068,2.2,0.00462893
10/13/2019,8308.01,15185999.16,30579541.65,0.483873583,2.483333333,-0.00291887
10/14/2019,8283.76,14628224.19,65962338.32,0.647586229,3.166666667,0.008423711
10/15/2019,8353.54,16240085.96,61644447.22,0.626004661,2.783333333,-0.022910048
10/16/2019,8162.16,14633533.22,86738050,0.693174097,3.316666667,-0.019559773
10/17/2019,8002.51,15858419.08,117969721.4,0.604208557,3.516666667,0.009280838
10/18/2019,8076.78,16329289.22,79993882.94,0.584087305,3.95,-0.015183031
10/19/2019,7954.15,14484979.9,94710382.22,0.474426402,4.166666667,0.000740494
10/20/2019,7960.04,14984777.03,53229503.88,0.436576716,3.216666667,0.034047568
10/21/2019,8231.06,16722180.44,90340986.76,0.481533672,2.516666667,-0.001037533
10/22/2019,8222.52,17496598.35,78014940.86,0.53440364,3.633333333,-0.023807786
10/23/2019,8026.76,17079475.39,89353651.52,0.681601012,3.7,-0.069417797
10/24/2019,7469.56,12594197.43,221341213.8,0.709897658,4.166666667,-0.005044474
10/25/2019,7431.88,13909079.27,75975960.6,0.872678832,5.133333333,0.166163878
10/26/2019,8666.79,16769057.92,333681035.1,1.455858246,2.75,0.068423257
10/27/2019,9259.8,13879519.95,657396445.3,1.248921562,3.033333333,0.03150608
10/28/2019,9551.54,16254462.72,290708092.5,1.162526245,3.116666667,-0.034840455
10/29/2019,9218.76,15907595.39,233830897.4,1.079654667,4.266666667,0.023277534
10/30/2019,9433.35,15935289.73,169991136.7,0.98034236,3.783333333,-0.028487229
10/31/2019,9164.62,15460313.8,145730105.2,1.108512021,2.983333333,-0.001815678
11/1/2019,9147.98,15476389.78,160663136.9,1.160526275,3.166666667,0.011479037
11/2/2019,9252.99,16052149.36,107433320.9,0.903170131,3.8,0.005208046
11/3/2019,9301.18,16402669.81,53740264.79,0.817713946,2.316666667,-0.010215908
11/4/2019,9206.16,15941423.77,47020646.32,1.439304084,4.35,0.023016111
11/5/2019,9418.05,17451427.1,103857828.9,1.226752997,3.55,-0.011452477
11/6/2019,9310.19,15769410.01,97692940.89,1.147858466,2.866666667,0.003560615
11/7/2019,9343.34,15970955.44,78710164.83,1.131117499,3.683333333,-0.01488761
11/8/2019,9204.24,14762408.04,73169474.05,1.177154862,3.116666667,-0.047608493
11/9/2019,8766.04,16111246.62,159478900.2,0.847261478,2.533333333,0.004947502
11/10/2019,8809.41,18896479.03,40216982.81,0.707149286,3.95,0.025848496
11/11/2019,9037.12,16881322.71,58075876.85,0.795774847,2.166666667,-0.035333159
11/12/2019,8717.81,14989182.4,99417730.88,0.830034316,3.7,0.009602182
11/13/2019,8801.52,15067619.93,84092098.49,0.941506154,3.616666667,-0.004442414
11/14/2019,8762.42,18779474.74,53278229.95,0.726183609,3.55,-0.014847496
11/15/2019,8632.32,17351278.97,62094349.52,0.777237154,4.4,-0.020229788
11/16/2019,8457.69,15864379.2,102346506.7,0.685409655,3.35,0.002957072
11/17/2019,8482.7,16582477.3,27218439.49,0.679099554,2.133333333,0.002502741
11/18/2019,8503.93,14963381.52,42762607.28,0.765355149,3.116666667,-0.038563347
11/19/2019,8175.99,15599060.26,98039358.97,0.840978202,2.933333333,-0.006750253
11/20/2019,8120.8,14807093.07,80797818.39,0.691721069,3.85,-0.004801251
11/21/2019,8081.81,13715760.95,62317220.55,0.890509132,3.466666667,-0.057504445
11/22/2019,7617.07,12538677.98,152565570.4,0.930863024,2.483333333,-0.04341827
11/23/2019,7286.35,16178363.03,283120965.8,0.50582671,4.25,0.005171313
11/24/2019,7324.03,11832812.58,74562140.93,0.45448858,2.95,-0.056885349
11/25/2019,6907.4,11205569.82,88831996.03,0.806160207,3.683333333,0.032262501
11/26/2019,7130.25,11167150.57,250687896.4,0.885559121,4.05,0.004681463
11/27/2019,7163.63,12848987.49,108471398.9,0.774036144,2.983333333,0.050281771
11/28/2019,7523.83,15917751.91,220499983,0.633846913,3.066666667,-0.012338131
11/29/2019,7431,14142605.49,99775070.97,0.79601133,3.183333333,0.043933522
11/30/2019,7757.47,12281980.57,117995230.2,0.751507688,1.983333333,-0.025749374
12/1/2019,7557.72,12925726.37,78337203.77,0.586631657,3.35,-0.0205128
12/2/2019,7402.69,13446041.66,88571039.07,0.605671231,3.283333333,-0.012576509
12/3/2019,7309.59,14637722.11,71586469.67,0.553872119,3.466666667,-0.00175386
12/4/2019,7296.77,15591131.4,50091304.5,0.637205851,4.066666667,-0.014241918
12/5/2019,7192.85,13451289.42,142535673.5,0.547059845,2.8,0.028239154
12/6/2019,7395.97,13603961.75,85470713.75,0.58727027,2.183333333,0.02044627
12/7/2019,7547.19,15286888.49,77922849.95,0.476905662,3.75,-0.005612685
12/8/2019,7504.83,13969510.4,34352533.79,0.389803592,2.616666667,0.002339826
12/9/2019,7522.39,13970881.97,32114286.49,0.518708303,3.433333333,-0.02458926
12/10/2019,7337.42,13646564.11,108414489.5,0.529059361,3,-0.015899322
12/11/2019,7220.76,12062018.83,66161513.24,0.608888586,1.866666667,-0.002555133
12/12/2019,7202.31,12076200.2,53833378,0.51875095,4.5,-0.001825803
12/13/2019,7189.16,14060284.47,75073234.65,0.500657401,4.033333333,0.008722855
12/14/2019,7251.87,13824044.96,52683167.62,0.371730535,3.783333333,-0.025390692
12/15/2019,7067.74,11126047.87,39393109.05,0.55024104,2.3,0.006140577
12/16/2019,7111.14,14132643.71,35264356.59,0.476697541,3.366666667,-0.032568618
12/17/2019,6879.54,12121833.95,91191811.27,0.486689921,3.35,-0.038871785
12/18/2019,6612.12,11695182.78,106173720.2,0.589118171,2.95,0.10165726
12/19/2019,7284.29,14591652.02,208624105.2,0.638353333,2.716666667,-0.018317502
12/20/2019,7150.86,14124384.46,92465911.44,0.547570643,3.683333333,0.005497241
12/21/2019,7190.17,15844785.32,55147309.67,0.381560431,3.983333333,-0.00653253
12/22/2019,7143.2,15337832.97,25368503.34,0.328549733,2.1,0.051966906
12/23/2019,7514.41,13758030.76,72767893.27,0.465031464,3.766666667,-0.025594824
12/24/2019,7322.08,11525831.91,121983509.7,0.443051384,2.25,-0.009749962
12/25/2019,7250.69,11634910.29,76336714.46,0.387049228,2.7,-0.007995101
12/26/2019,7192.72,15752637.61,39255636.02,0.481317785,2.783333333,0.000233569
12/27/2019,7194.4,13514433.19,59760787.21,0.379063082,3.166666667,0.006884521
12/28/2019,7243.93,13698700.74,71840951.38,0.337749504,4.75,0.007887983
12/29/2019,7301.07,14317659.02,36039614.74,0.330879763,3.016666667,0.011544883
12/30/2019,7385.36,15446347.04,46435451,0.35589309,2.5,-0.022444404
12/31/2019,7219.6,13152944.22,61748083.66,0.364281407,3.25,-0.007104272
1/1/2020,7168.31,15907075.79,47782090.7,0.285058111,2.633333333,0.001028136
1/2/2020,7175.68,12576131.22,28600968.86,0.330064666,2.466666667,-0.032240847
1/3/2020,6944.33,15705586.47,68282971.9,0.37500016,3.216666667,0.055011787
1/4/2020,7326.35,15650931.39,136870284.6,0.313628594,2.683333333,0.002940072
1/5/2020,7347.89,15404396.62,50181826.92,0.307037814,4.35,0.000500824
1/6/2020,7351.57,13051403.08,48177558.29,0.511697139,3.583333333,0.055453461
1/7/2020,7759.24,17646229.3,114010548.1,0.587239085,3.566666667,0.052354354
1/8/2020,8165.47,14890476.72,210649283.9,0.797559971,3.583333333,-0.015041388
1/9/2020,8042.65,15730239.71,224003807.4,0.729342052,2.75,-0.027942283
1/10/2020,7817.92,15541380.57,108323770.5,0.783040697,3.5,0.046910176
1/11/2020,8184.66,16893865.39,153599795.4,0.483337446,3.333333333,-0.019936076
1/12/2020,8021.49,15625350.67,75103205.5,0.415532439,2.383333333,0.019008937
1/13/2020,8173.97,14633330.08,39375157.85,0.489927302,3.683333333,-0.008408399
1/14/2020,8105.24,15748081.37,68769719.3,0.648377081,3.566666667,0.090951039
1/15/2020,8842.42,16792710.07,322001233.9,0.826460884,3.266666667,-0.003226492
1/16/2020,8813.89,17478168.64,162415225.7,0.63561516,4.416666667,-0.010422186
1/17/2020,8722.03,17783148.02,113463580,0.663956826,3.733333333,0.020443635
1/18/2020,8900.34,14834325.08,172392198.5,0.550329784,2.666666667,0.001180854
1/19/2020,8910.85,16961771.12,73102474.8,0.514908782,3.383333333,-0.023285096
1/20/2020,8703.36,16034934.29,171406582.8,0.458515309,3,-0.008834519
1/21/2020,8626.47,16708344.24,78615695.32,0.56242423,3.166666667,0.011104194
1/22/2020,8722.26,17310387.59,80118406.45,0.571580331,4.633333333,-0.007259586
1/23/2020,8658.94,17169132.32,62159413.04,0.534921239,2.766666667,-0.0312775
1/24/2020,8388.11,16478219.05,140040083.6,0.427680014,4.383333333,0.004775808
1/25/2020,8428.17,17146239.27,103625698.7,0.331694933,3.066666667,-0.011961078
1/26/2020,8327.36,15373871.85,49103693.89,0.341523324,2.4,0.031349671
1/27/2020,8588.42,14226813.87,90541442.51,0.620483693,3.933333333,0.035787723
1/28/2020,8895.78,16242549.01,157722446.3,0.610528709,4.016666667,0.05507218
1/29/2020,9385.69,18887556.28,187574422.5,0.560195454,4.416666667,-0.011281003
1/30/2020,9279.81,18922276.39,132156743.7,0.55322788,4.533333333,0.02398325
1/31/2020,9502.37,17040641.86,175049334.3,0.628724544,2.866666667,-0.017742942
2/1/2020,9333.77,17858163.32,106765634.9,0.539328694,4.816666667,0.004748349
2/2/2020,9378.09,16944231.59,36660829.43,0.547479687,3.166666667,-0.006774301
2/3/2020,9314.56,17467129.75,66403963.97,0.606657779,2.616666667,-0.003226132
2/4/2020,9284.51,15415016.36,108746958.8,0.705852299,3.366666667,-0.013180017
2/5/2020,9162.14,19130672.82,90649388.57,0.646349648,4.183333333,0.049416403
2/6/2020,9614.9,17105098.6,163509451,0.832005714,3.166666667,0.014639778
2/7/2020,9755.66,17296713.61,152115909,0.919968367,3.55,0.005317939
2/8/2020,9807.54,17511947.95,87939405.49,0.656464204,2.933333333,0.010153413
2/9/2020,9907.12,19747647.26,75572303.93,0.629750955,5.116666667,0.025768336
2/10/2020,10162.41,15671545.12,107419112.7,0.921669646,4.766666667,-0.030270379
2/11/2020,9854.79,19051941.21,155424327.7,0.948634835,2.783333333,0.042678738
2/12/2020,10275.38,18763378.49,190105216.4,1.124090611,4.183333333,0.007680495
2/13/2020,10354.3,18474198.44,161983394,1.071576343,3.266666667,-0.010804207
2/14/2020,10242.43,17892676.33,198094127.1,1.013455448,3.616666667,0.012311532
2/15/2020,10368.53,18294966.94,122708338.3,0.89815798,3.166666667,-0.044785519
2/16/2020,9904.17,17801511.08,113915188.3,0.731681187,3.066666667,0.003382414
2/17/2020,9937.67,19823862.2,85454123.71,0.711064131,5.183333333,-0.023520604
2/18/2020,9703.93,19007001.53,119040244.2,0.900755332,3.216666667,0.049126488
2/19/2020,10180.65,18406770.34,138390971.2,0.94776333,3.033333333,-0.056571044
2/20/2020,9604.72,15368284.87,186474102,0.84148135,4,0.000222807
2/21/2020,9606.86,18886942.69,128769390.8,0.674567171,4.066666667,0.00933916
2/22/2020,9696.58,18051502.97,79370095.03,0.581290085,3.183333333,-0.00277933
2/23/2020,9669.63,17684305.82,34324865.79,0.574467393,4,0.033068483
2/24/2020,9989.39,17377835.22,64282324.01,0.677860292,3.183333333,-0.032598587
2/25/2020,9663.75,17822599.43,116289798.6,0.696835433,5.316666667,-0.03669383
2/26/2020,9309.15,15629013.68,114160526.8,0.802527013,3.133333333,-0.056248959
2/27/2020,8785.52,16401715.33,206929921,0.700608458,2.966666667,0.002185414
2/28/2020,8804.72,17412081.06,147977055,0.619251219,3.95,-0.010490964
2/29/2020,8712.35,15277906.35,123840827.8,0.523003184,3.416666667,-0.020767072
3/1/2020,8531.42,19058740.7,42866205.1,0.399216906,2.55,0.000322338
3/2/2020,8534.17,16697791.75,70749037.38,0.583958923,4.533333333,0.044368697
3/3/2020,8912.82,17037037.23,111268001.4,0.634723187,3.283333333,-0.017781129
3/4/2020,8754.34,18948989.97,85149525.73,0.586698424,3.95,0.000520884
3/5/2020,8758.9,18562608.98,70042032.86,0.630052089,4.683333333,0.035220176
3/6/2020,9067.39,18084440.76,122314466.7,0.712032303,2.683333333,0.009760251
3/7/2020,9155.89,18200369.58,83522225.99,0.535166291,3.983333333,-0.02809776
3/8/2020,8898.63,17385259.26,59230883.03,0.458046802,3.2,-0.096559808
3/9/2020,8039.38,15003719.04,149933311.5,0.578265623,3.383333333,-0.013364215
3/10/2020,7931.94,13309094.53,223121982.1,0.673362437,4.316666667,-0.005859853
3/11/2020,7885.46,11906436.35,155835851.3,0.805477258,2.716666667,0.006491695
3/12/2020,7936.65,13544827.88,130840913.4,1.088683004,2.25,-0.391404434
3/13/2020,4830.21,8634486.982,574694714.8,1.544608413,2.933333333,0.161239366
3/14/2020,5609.03,8986521.226,684475988.7,1.025559181,2.483333333,-0.078938783
3/15/2020,5166.26,8103100.664,158994389.6,1.052360821,1.616666667,0.035263421
3/16/2020,5348.44,7889846.941,201009885.7,1.137999914,3.983333333,-0.060221298
3/17/2020,5026.35,8477516.575,379747427.5,1.18665717,3.583333333,0.065904682
3/18/2020,5357.61,6941254.719,222784693,1.342051248,2.783333333,0.009821544
3/19/2020,5410.23,7981376.242,246280973.4,1.484061564,3.8,0.14508995
3/20/2020,6195.2,9446456.658,343510892,1.785604842,2.066666667,0.005042614
3/21/2020,6226.44,9873966.128,382708757.2,1.180595164,2.9,-0.005876552
3/22/2020,6189.85,9996191.207,161732857.5,0.97816032,2.366666667,-0.05932777
3/23/2020,5822.62,8912695.388,155141963.1,1.220335427,1.683333333,0.116706912
3/24/2020,6502.16,11290318.11,284307011,1.070266738,3.45,0.040960235
3/25/2020,6768.49,8111093.565,284016940.7,1.381314749,2.266666667,-0.010346473
3/26/2020,6698.46,13691118.21,226038996.8,1.252671483,2.183333333,0.009747016
3/27/2020,6763.75,13411241.26,97401178.96,1.004685737,3.683333333,-0.058349288
3/28/2020,6369.09,10989618.93,148443297.9,0.740414421,2.016666667,-0.016978878
3/29/2020,6260.95,11822813.29,142726744.9,0.553431026,3.333333333,-0.059981313
3/30/2020,5885.41,11637863.38,103365161.6,0.595702494,4.016666667,0.088333693
3/31/2020,6405.29,13165642.83,186301830.9,0.644484966,2.733333333,0.003589221
4/1/2020,6428.28,12386579.19,89947515.05,0.595457236,3.6,0.034937806
4/2/2020,6652.87,13018917.41,168238042.7,0.562695546,3.25,0.023484601
4/3/2020,6809.11,11436511.55,279129046.5,0.632776492,2.433333333,-0.009904378
4/4/2020,6741.67,13560678,165881487,0.444652613,2.866666667,0.019286023
4/5/2020,6871.69,14957634.88,95099723,0.386056825,2.016666667,-0.013715694
4/6/2020,6777.44,11485342.68,61737463.09,0.532630703,2.2,0.083476947
4/7/2020,7343.2,15735459.96,215734110.4,0.59126381,4.233333333,-0.018745234
4/8/2020,7205.55,13302461.42,180411336,0.576898174,2.283333333,0.022132939
4/9/2020,7365.03,14241012.63,143615580.9,0.594117984,3.9,-0.009686315
4/10/2020,7293.69,14368680.59,118207885.7,0.501344814,3.533333333,-0.057645718
4/11/2020,6873.24,13917060.69,170978168.4,0.379146317,2.333333333,0.002671229
4/12/2020,6891.6,13349664.71,59502005.48,0.391097905,2.916666667,0.003449126
4/13/2020,6915.37,14683700.73,112654904.1,0.390110705,1.8,-0.008345179
4/14/2020,6857.66,14587959.14,170118314.5,0.516620858,3.066666667,0.002083801
4/15/2020,6871.95,14558871.74,107004164.2,0.580886365,3.516666667,-0.036110565
4/16/2020,6623.8,13495677.83,112529486.1,0.61482544,2.7,0.073744678
4/17/2020,7112.27,11584618.69,256066115.1,0.63405121,4.333333333,-0.010879789
4/18/2020,7034.89,14261973.78,114895300.8,0.476807565,3.15,0.031908104
4/19/2020,7259.36,13731416.21,80410551.44,0.442775986,2.6,-0.017814243
4/20/2020,7130.04,14513595.73,64645648.47,0.495409755,4.233333333,-0.040644933
4/21/2020,6840.24,13280755.5,151878158.1,0.515074176,3.2,0.001795259
4/22/2020,6852.52,11597010.06,90394537.9,0.639344277,3.116666667,0.040637605
4/23/2020,7130.99,13203833.92,102205556,0.914738614,3.8,0.048606154
4/24/2020,7477.6,14000287.8,202186228.2,0.867216329,1.916666667,0.003942441
4/25/2020,7507.08,13029925.92,130187406,0.747430333,3.966666667,0.00565333
4/26/2020,7549.52,13360910.33,50386100.44,0.623066648,3.166666667,0.019835698
4/27/2020,7699.27,13997087.9,82965485.7,0.693559112,2.216666667,0.011869957
4/28/2020,7790.66,15084394.04,118631651.9,0.664078476,3.916666667,-0.003251329
4/29/2020,7765.33,15737371.44,102426644,1.303204068,3.283333333,0.130361491
4/30/2020,8777.63,16397343.77,471328360.4,2.94069111,3.1,-0.01695902
5/1/2020,8628.77,17578400.01,479861000,2.793212422,4.216666667,0.022701961
5/2/2020,8824.66,17019209.54,209464777.2,2.112091413,1.95,0.016902634
5/3/2020,8973.82,19630255.34,111964108.7,1.821513436,3.716666667,-0.007785982
5/4/2020,8903.95,17898623.63,175862717.8,1.805024194,3.65,-0.002023821
5/5/2020,8885.93,18282730.76,186639007.4,1.949554096,2.316666667,0.016321308
5/6/2020,9030.96,20611754.96,182897440.3,1.848533123,5.3,0.015483404
5/7/2020,9170.79,18246780.7,286155701.8,2.45777629,4.1,0.090689025
5/8/2020,10002.48,18271845.62,500733651.2,3.17518979,3.066666667,-0.01806352
5/9/2020,9821.8,17375844,336643471.8,2.713154161,3.6,-0.029975157
5/10/2020,9527.39,19252835.58,206048387.2,1.919620926,2.25,-0.08112715
5/11/2020,8754.46,17168436.34,536864808.3,2.547080417,3.416666667,-0.015673154
5/12/2020,8617.25,8950520.334,524377414,2.789235574,3.716666667,0.022893615
5/13/2020,8814.53,7822621.054,217646788.1,3.304848286,2.016666667,0.05574886
5/14/2020,9305.93,8245134.851,235919563.6,5.208455261,4.583333333,0.052050682
5/15/2020,9790.31,8969982.477,332519067.9,4.95503458,4.033333333,-0.049714463
5/16/2020,9303.59,8429266.327,303595865.3,3.43536845,2.033333333,0.008825625
5/17/2020,9385.7,7112392.242,116707143.6,4.107751816,3.7,0.030226834
5/18/2020,9669.4,9800851.106,176082868.2,5.76259121,3.016666667,0.005167849
5/19/2020,9719.37,8879553.758,230169746.6,6.429141803,2.566666667,0.006828632
5/20/2020,9785.74,8810740.963,228306109.2,6.633466719,3.716666667,-0.028109269
5/21/2020,9510.67,9450405.201,231513104,6.235244806,2.116666667,-0.047641228
5/22/2020,9057.57,7770388.924,302921371.1,5.19040341,3.1,0.012110312
5/23/2020,9167.26,7843058.63,137706362.8,3.692193497,3.033333333,0.001206467
5/24/2020,9178.32,7286826.339,69573042.35,3.120607089,1.783333333,-0.048766005
5/25/2020,8730.73,7689659.793,151515271.1,3.057385834,3.4,0.019348898
5/26/2020,8899.66,7687822.768,151521072.3,2.402058946,2.45,-0.00638339
5/27/2020,8842.85,9241012.007,120113139,2.369186881,2.583333333,0.040110372
5/28/2020,9197.54,8457127.388,148428061,2.755720093,3.566666667,0.040409718
5/29/2020,9569.21,8526743.19,193513827.7,3.146427259,2.033333333,-0.014967798
5/30/2020,9425.98,9913195.966,144086661.4,2.274866182,4.066666667,0.028869147
5/31/2020,9698.1,9542417.459,132752538.8,2.255005351,3.15,-0.025495716
6/1/2020,9450.84,8910754.391,99233158.44,2.459903932,2.283333333,0.079716724
6/2/2020,10204.23,8941264.807,280975718,3.175841731,4.533333333,-0.066507713
6/3/2020,9525.57,9081230.369,429398121.5,2.499997193,3.6,0.013906779
6/4/2020,9658.04,9764314.2,128440438.9,1.903213159,2.283333333,0.014135373
6/5/2020,9794.56,11573082.69,183077760.7,1.666877002,4.183333333,-0.017439272
6/6/2020,9623.75,12477168.4,139993515.4,1.076682098,2.766666667,0.0048505
6/7/2020,9670.43,9821022.765,74040583.55,1.001876286,3.05,0.008626297
6/8/2020,9753.85,10379765.62,129391452.9,1.27630329,3.983333333,0.002946529
6/9/2020,9782.59,10182263.04,111353754.6,1.045064783,2.55,-0.000760535
6/10/2020,9775.15,10401186.39,153220784.2,1.155224877,4.633333333,0.01196708
6/11/2020,9892.13,11473619.15,158586968.1,1.115356933,3.466666667,-0.061231504
6/12/2020,9286.42,9866334.581,321867038.6,0.88455688,2.666666667,0.01868858
6/13/2020,9459.97,9622452.784,132333533.7,0.705487026,3.433333333,0.001430237
6/14/2020,9473.5,10380781.54,51803750.58,0.554907577,2.666666667,-0.015140128
6/15/2020,9330.07,8280410.6,63632383.61,1.076691609,2.483333333,0.010356835
6/16/2020,9426.7,9617963.21,244968165,1.403634513,3.533333333,0.010533909
6/17/2020,9526,8709273.108,138860025.7,1.34602183,2.2,-0.007473231
6/18/2020,9454.81,7714420.955,124106956.1,1.483765519,4.583333333,-0.007909202
6/19/2020,9380.03,8736099.478,74041735.81,1.344047596,3.816666667,-0.008515964
6/20/2020,9300.15,8238014.002,109732841.9,0.981710394,2.333333333,0.00615904
6/21/2020,9357.43,9006615.206,57461731.85,0.895908822,3.25,-0.007763884
6/22/2020,9284.78,8923565.201,36882860.07,1.139521456,3.116666667,0.043848104
6/23/2020,9691.9,9964641.895,134494787.1,1.243842525,2.55,-0.007264829
6/24/2020,9621.49,8594577.459,102289235.3,1.276539072,4.066666667,-0.035847878
6/25/2020,9276.58,8504016.548,178365905.8,1.185025044,2.616666667,-0.003851635
6/26/2020,9240.85,9950436.658,166531113.6,0.942901963,4.183333333,-0.009349789
6/27/2020,9154.45,8059992.059,141780368.3,0.773470752,3.016666667,-0.016409506
6/28/2020,9004.23,8666896.613,92221683.83,0.673697336,2.6,0.0136869
6/29/2020,9127.47,8562734.803,59501520.56,0.964724633,4.2,0.006341297
6/30/2020,9185.35,8801310.462,100083941,1.311118436,3.733333333,-0.00559369
7/1/2020,9133.97,10124055.94,63158022.98,1.512904511,2.75,0.011211992
7/2/2020,9236.38,9907317.704,98873138.81,1.508897585,4.1,-0.016066901
7/3/2020,9087.98,9873738.207,107207537.5,1.483601406,2.5,-0.001712152
7/4/2020,9072.42,9203934.106,57803290.99,1.003376463,3.666666667,0.006491102
7/5/2020,9131.31,9453537.181,38839661.83,0.829143523,3.166666667,-0.004623652
7/6/2020,9089.09,9573702.526,50720848.73,1.000150127,2.25,0.02858592
7/7/2020,9348.91,9827305.846,113743420,1.080203795,4.583333333,-0.009913455
7/8/2020,9256.23,9269106.007,95242533.96,1.285678382,3.95,0.019861218
7/9/2020,9440.07,10324012.45,121129125.4,1.397290849,2.65,-0.021401324
7/10/2020,9238.04,9821730.664,98869845.96,1.283670465,4.3,0.005343125
7/11/2020,9287.4,9308390.998,79818144.58,0.984296096,2.9,-0.005538687
7/12/2020,9235.96,9012154.571,30014745.73,0.805138301,3.733333333,0.006489851
7/13/2020,9295.9,8910800.363,42610639.38,1.224870378,4.216666667,-0.006214568
7/14/2020,9238.13,9003009.805,78223034.34,1.61181855,2.15,0.001774169
7/15/2020,9254.52,8552242.709,88249714.54,1.876446176,4.733333333,-0.006592454
7/16/2020,9193.51,8476261.345,83393685.66,2.062710446,4.266666667,-0.006799362
7/17/2020,9131,7439212.406,88531436.7,2.401992488,2.533333333,0.0025397
7/18/2020,9154.19,8257260.544,71682525.59,2.239268067,3.666666667,0.002241596
7/19/2020,9174.71,8030628.817,29934693.31,1.514760795,2.566666667,0.004354361
7/20/2020,9214.66,8809861.149,32799397.98,2.327532432,2.233333333,-0.005511869
7/21/2020,9163.87,8215338.734,59994848.86,3.045458382,3.15,0.024966526
7/22/2020,9392.66,9764974.368,114760459.1,3.676014327,2.333333333,0.015409905
7/23/2020,9537.4,9402091.579,103269918.1,3.8347067,4.666666667,0.007938222
7/24/2020,9613.11,10810915.04,168395155,3.21971308,4.25,-0.006431842
7/25/2020,9551.28,9515131.312,128787740.3,2.911335676,2.75,0.016355923
7/26/2020,9707.5,10587041.6,83145125.8,2.510854272,3.916666667,0.023830028
7/27/2020,9938.83,11099308.3,169823595.6,3.890218909,3.566666667,0.111036208
7/28/2020,11042.4,12037341.11,569642411.6,5.820490275,3.3,-0.00973158
7/29/2020,10934.94,12189404.75,352662968.6,5.597591854,4.383333333,0.015338904
7/30/2020,11102.67,11301864.7,253835681.1,6.063625376,2.65,0.001104239
7/31/2020,11114.93,12639960.42,201165672.4,5.39526892,4.966666667,0.02059842
8/1/2020,11343.88,11439834.23,222815243.1,5.029647871,3.55,0.042296816
8/2/2020,11823.69,11205874.85,240815459,4.194518067,2.35,-0.063086904
8/3/2020,11077.77,12873862.58,289592847.8,4.39956743,4.416666667,0.01487664
8/4/2020,11242.57,11438679.08,159671026.5,3.803651794,3.466666667,-0.00429795
8/5/2020,11194.25,10806917.39,122455803.8,5.383754349,2.566666667,0.049671036
8/6/2020,11750.28,13771270.44,182136390.2,6.47470623,4.016666667,0.001928465
8/7/2020,11772.94,12898632.94,203809369.9,4.941763606,2.316666667,-0.014213952
8/8/2020,11605.6,11292366.65,215793133.7,3.255190361,4.316666667,0.013958779
8/9/2020,11767.6,12105371.36,86008564.67,2.723687749,2.65,-0.007099154
8/10/2020,11684.06,11774383.19,59683346.89,5.15391988,2.766666667,0.01788505
8/11/2020,11893.03,12966824.45,218397180.7,5.035495808,4.4,-0.042091881
8/12/2020,11392.43,12684820.61,249861736.8,4.144409838,3.616666667,0.015859654
8/13/2020,11573.11,11879252.3,141688775.6,3.873112561,2.833333333,0.017654719
8/14/2020,11777.43,13709961.99,161732026.4,3.453464352,4.066666667,-0.00025897
8/15/2020,11774.38,12537672.54,131449767,2.560594392,2.883333333,0.008459044
8/16/2020,11873.98,12130221.32,101333020.3,2.507750024,4.15,0.003371237
8/17/2020,11914.01,10390360.22,63773670.15,3.385110183,4.666666667,0.031870881
8/18/2020,12293.72,12747409.95,253521339.7,5.535217034,2.616666667,-0.026370374
8/19/2020,11969.53,11920459.63,217771115.2,5.213828217,3.866666667,-0.019677464
8/20/2020,11734,12309250.39,208815095.8,4.623504245,4.066666667,0.011234021
8/21/2020,11865.82,12988330.81,96746302.16,5.079750427,2.866666667,-0.028908242
8/22/2020,11522.8,11060458.29,153928937,3.43260636,3.483333333,0.013941056
8/23/2020,11683.44,12250514.72,85029155.46,2.397259827,2.45,-0.002603685
8/24/2020,11653.02,11845489.15,39027595.4,2.799443233,2.483333333,0.009517704
8/25/2020,11763.93,10414543.57,75749356.94,3.372945145,3.45,-0.036257441
8/26/2020,11337.4,11345447.78,168869325.9,3.815390035,2.716666667,0.011463828
8/27/2020,11467.37,10690122.01,104337127.4,4.219870678,4.483333333,-0.014420046
8/28/2020,11302.01,13003916.08,152064701.9,3.366068465,3.983333333,0.020592797
8/29/2020,11534.75,11257775.01,125753228.7,2.587934197,2.3,-0.004604348
8/30/2020,11481.64,9959939.365,48056174.59,2.765981571,2.916666667,0.019695793
8/31/2020,11707.78,12191565.47,54121905.84,3.548684568,3.083333333,-0.004117775
9/1/2020,11659.57,12943722.05,102290923.4,3.981182477,2.883333333,0.022614899
9/2/2020,11923.25,12071209.2,176627448.5,4.603795329,4.333333333,-0.044099553
9/3/2020,11397.44,10387319.33,265432700.7,4.749243622,2.416666667,-0.10615805
9/4/2020,10187.51,10521917.64,361418115.4,5.356555301,4.516666667,0.027521936
9/5/2020,10467.89,10426131.58,310980390.2,3.779820346,3.316666667,-0.029449106
9/6/2020,10159.62,10418304.67,222072428.2,2.734269626,2.016666667,0.009381256
9/7/2020,10254.93,12203310.68,89153592.59,2.978365808,4.8,0.011000563
9/8/2020,10367.74,10676168.87,153205856.5,2.557129377,3.116666667,-0.023748667
9/9/2020,10121.52,10385265.13,194156867.1,2.890655335,2.933333333,0.010503363
9/10/2020,10227.83,11342158.76,113383268.7,3.297351017,4.083333333,0.012204935
9/11/2020,10352.66,9984827.137,147055601.3,3.128216015,2.7,0.004132271
9/12/2020,10395.44,11755971.41,101653161.4,2.003435858,4.233333333,0.004905997
9/13/2020,10446.44,11038733.64,57857607.94,1.995343302,2.666666667,-0.011072672
9/14/2020,10330.77,12485219.77,81937985.72,2.246203191,2.483333333,0.033285999
9/15/2020,10674.64,11329376.27,143525658.6,2.496713576,4.783333333,0.010396604
9/16/2020,10785.62,11397006.21,135273030.3,2.47418512,3.75,0.015095099
9/17/2020,10948.43,12881875.6,154480376.6,2.214542599,2.65,-0.000414671
9/18/2020,10943.89,12027086.74,117116914.3,2.329285913,4.033333333,-0.00110564
9/19/2020,10931.79,10777756.11,88269394.26,1.767125004,2.35,0.013688518
9/20/2020,11081.43,10041684.8,54811966.39,1.389175972,3.933333333,-0.014599199
9/21/2020,10919.65,10351909.52,69233310.91,2.183041894,4.333333333,-0.044799055
9/22/2020,10430.46,9208013.415,193630537.9,2.47954333,2.416666667,0.009756041
9/23/2020,10532.22,10252434.96,99403513.65,2.865500333,4.65,-0.028269444
9/24/2020,10234.48,9928235.839,124490884.2,2.70060324,3.683333333,0.048654157
9/25/2020,10732.43,12502201.35,124807106.5,2.310126176,2.466666667,-0.00368882
9/26/2020,10692.84,10759364.73,129716552.9,1.596588991,3.3,0.003699672
9/27/2020,10732.4,10713359.14,48519033.92,1.544814604,2.5,0.003898476
9/28/2020,10774.24,9531618.971,50063044.87,2.10591919,2.916666667,-0.007602392
9/29/2020,10692.33,10337349.26,109557462.4,2.559147968,4,0.013885654
9/30/2020,10840.8,11484361.34,89865245.23,2.901579781,2.616666667,-0.00580031
10/1/2020,10777.92,9416443.243,89894642.89,3.590399869,5.516666667,-0.014722692
10/2/2020,10619.24,10232863.85,183013787.4,4.083656084,3.516666667,-0.004160373
10/3/2020,10575.06,10855303.17,150343724.5,2.456029428,2.066666667,-0.002202352
10/4/2020,10551.77,11055916.22,31477196.12,2.208252842,3.133333333,0.011532662
10/5/2020,10673.46,10710768.43,31512003.1,3.560193386,3.45,0.010783757
10/6/2020,10788.56,10054284.61,78412225.05,3.781997161,2.866666667,-0.017131109
10/7/2020,10603.74,11193916.29,103826838.3,3.18390008,4.666666667,0.006324184
10/8/2020,10670.8,12084850.91,102699834.1,3.361036174,2.283333333,0.023662706
10/9/2020,10923.3,10965183.36,142856446.7,3.58900946,5.15,0.012806569
10/10/2020,11063.19,11127194.86,120551930.6,2.863405058,3.35,0.021646559
10/11/2020,11302.67,10659930.88,97927463.15,2.271797206,1.916666667,0.006541817
10/12/2020,11376.61,11515021.1,60215827.9,2.73066987,4.05,0.014365439
10/13/2020,11540.04,12872175.63,166313556.3,2.531707487,3.266666667,-0.009688008
10/14/2020,11428.24,11605343.5,117568933.3,2.656080742,2.716666667,0.000269508
10/15/2020,11431.32,11814116.19,93932070.95,2.609416658,3.883333333,0.006334352
10/16/2020,11503.73,11742282.09,111854678.1,2.243779687,2.8,-0.015313294
10/17/2020,11327.57,11674223.52,109053461.6,1.460075681,3.6,0.00343763
10/18/2020,11366.51,8982105.737,34142836.4,1.799379254,3,0.012465568
10/19/2020,11508.2,9776921.355,29716243.88,1.921934438,2.033333333,0.021720165
10/20/2020,11758.16,11710523.41,139587584.3,2.752557358,4.716666667,0.014228417
10/21/2020,11925.46,11562043.14,167903083,4.695398572,3.7,0.075980298
10/22/2020,12831.56,13585268.79,486931525.6,6.285089286,2.3,0.012367163
10/23/2020,12990.25,12640081.1,234841376.8,5.730642271,4.15,-0.003520333
10/24/2020,12944.52,13768787.57,151273932.4,3.983372806,2.133333333,0.014209874
10/25/2020,13128.46,10397996.38,69928610.91,3.51619698,3.383333333,-0.006984064
10/26/2020,13036.77,10435984.48,111062981.4,5.752067801,3.766666667,0.003037562
10/27/2020,13076.37,10871089.34,176006371,10.24521865,2.75,0.043980095
10/28/2020,13651.47,11446509.26,325461283.4,11.63837302,4.166666667,-0.026551719
10/29/2020,13289,12458484.39,310741338.2,12.53113739,2.75,0.01276695
10/30/2020,13458.66,12828892.04,228409072.2,13.12984013,1.833333333,0.007880428
10/31/2020,13564.72,13341986.85,265607933.7,13.15377569,3.4,0.018105792
11/1/2020,13810.32,13377441.18,194274881.3,8.762733264,2.283333333,-0.003724751
11/2/2020,13758.88,10902576.26,81876480.69,12.63824582,3.6,-0.013352104
11/3/2020,13575.17,15826226.37,202098850.1,11.87189114,3.55,0.033011741
11/4/2020,14023.31,16641138.13,213888432.3,8.878895035,2.133333333,0.009432866
11/5/2020,14155.59,20893224.44,303936796.2,12.70722184,4.833333333,0.101429894
11/6/2020,15591.39,18889243.16,575483038.2,11.04084857,4.033333333,0.000280924
11/7/2020,15595.77,16132958.56,418654253.5,7.673814935,2.366666667,-0.048470194
11/8/2020,14839.84,15148276.02,320513832.3,5.921366742,2.916666667,0.043852225
11/9/2020,15490.6,20216887.39,168415197.4,6.718993877,3,-0.010462474
11/10/2020,15328.53,16459647.09,392305674.1,7.820301102,4.016666667,-0.000749583
11/11/2020,15317.04,16020485.03,230269180.4,5.21367499,3.983333333,0.02556695
11/12/2020,15708.65,17804675.56,298105721.5,5.039307693,2.15,0.037362854
11/13/2020,16295.57,16032046.44,478495947.4,5.4959425,4.4,0.002685392
11/14/2020,16339.33,15597257.88,264263990.4,3.482020731,3.1,-0.015194013
11/15/2020,16091.07,15662707.44,163501040.4,2.683845699,2.533333333,-0.007638398
11/16/2020,15968.16,17711414.83,97292561.75,4.411017375,4.3,0.047406213
11/17/2020,16725.15,18324640,293272996.5,4.486339767,3.05,0.057073928
11/18/2020,17679.72,21194109.32,424743958,4.819903483,2.9,0.006715604
11/19/2020,17798.45,16988027.06,633847834.6,5.433656185,3.95,0.001242805
11/20/2020,17820.57,20641618.89,358043942.4,4.032071636,2.383333333,0.048644909
11/21/2020,18687.45,20655875.92,374130037.1,2.822013708,4.733333333,0.000658196
11/22/2020,18699.75,20906345.74,256287553.7,2.165319352,3.283333333,-0.014838166
11/23/2020,18422.28,18011288.39,276025442.6,3.507932598,2.166666667,-0.001268573
11/24/2020,18398.91,17683648.93,344268444.6,4.907728128,5.15,0.042046513
11/25/2020,19172.52,20363512.96,523228040.5,5.197677967,3.45,-0.022569803
11/26/2020,18739.8,18340061.79,357330319,5.535790636,2.616666667,-0.084758642
11/27/2020,17151.44,17988301.56,867494794.1,4.421837643,4.1,-0.000732883
11/28/2020,17138.87,17630656.51,334361872.1,3.351576498,2.5,0.034631805
11/29/2020,17732.42,18023228.16,203020072.5,2.692864277,3.766666667,0.025894943
11/30/2020,18191.6,14684437.14,192293944,5.367705689,4.116666667,0.083452253
12/1/2020,19709.73,21143567.33,570429939.2,7.405563839,2.666666667,-0.046535899
12/2/2020,18792.52,18291019.91,586228902.9,7.602362353,4.65,0.023118241
12/3/2020,19226.97,21762338.79,311500178.6,8.12142331,3.15,0.011835978
12/4/2020,19454.54,19296507.66,269817738.9,6.517589421,2.766666667,-0.040301647
12/5/2020,18670.49,18632287.72,278793731.2,4.686759043,3.25,0.025953791
12/6/2020,19155.06,17217876.55,114151706.8,3.583714246,2.266666667,0.01162095
12/7/2020,19377.66,19343628.02,119935507.5,4.366396459,4.416666667,-0.010127642
12/8/2020,19181.41,18941288.64,176619929.7,4.14923244,4.066666667,-0.044967497
12/9/2020,18318.87,17187411.94,273878281,4.121645456,2.066666667,0.012843587
12/10/2020,18554.15,16448918.98,377966775.2,4.230138733,4.8,-0.016513287
12/11/2020,18247.76,16978667.13,264270264.6,4.101445864,3.65,-0.011968592
12/12/2020,18029.36,16396977.02,291983141.4,3.138275271,2.483333333,0.042934414
12/13/2020,18803.44,19661607.52,175018094.7,2.718877132,3.333333333,0.019200742
12/14/2020,19164.48,18516458.63,197236995.3,3.613972893,2.733333333,0.005849885
12/15/2020,19276.59,18584575.84,156397143.2,4.269578845,5.133333333,0.008464153
12/16/2020,19439.75,19816346.53,288887515.2,5.211408612,4,0.099781633
12/17/2020,21379.48,22338873.25,712598806.5,12.04640602,3.066666667,0.068663036
12/18/2020,22847.46,27241477.88,1177690832,11.82797802,4.166666667,0.013276312
12/19/2020,23150.79,25884376.31,465956413.3,8.151270439,3.433333333,0.031062871
12/20/2020,23869.92,24027162.61,428547892.6,6.169859764,2.216666667,-0.015891968
12/21/2020,23490.58,23298120.99,301633611.4,11.9169958,4.5,-0.031719098
12/22/2020,22745.48,23995220.12,647260163.4,9.425912137,3.4,0.047460419
12/23/2020,23824.99,26038110.23,433884278.6,9.955909827,2.45,-0.023992455
12/24/2020,23253.37,20751169.5,583254745.8,9.188479127,3.933333333,0.019874969
12/25/2020,23715.53,23792132.99,344759537.1,7.297509672,1.983333333,0.041240908
12/26/2020,24693.58,23722327.94,375518728.2,6.456238143,4.466666667,0.070853639
12/27/2020,26443.21,27533619.89,530655727.5,8.071646955,4.016666667,-0.007435935
12/28/2020,26246.58,29968235.31,822241572.2,8.69269861,2.233333333,0.030103351
12/29/2020,27036.69,28221057.09,511058869.8,8.410156419,4.35,0.012563668
12/30/2020,27376.37,33896444.42,584575020.2,8.702158346,4.483333333,0.054069258
12/31/2020,28856.59,33284139.09,751041811,9.507763505,2.933333333,0.004365381
1/1/2021,28982.56,29068047.03,606524119.5,5.604238062,2.983333333,0.014187498
1/2/2021,29393.75,31908499.94,491258037.7,8.400988667,2.216666667,0.095316521
1/3/2021,32195.46,35922359.22,1393906626,8.057991388,4.833333333,0.025013465
1/4/2021,33000.78,39752808.81,975831414.6,9.162333835,5.516666667,-0.02926446
1/5/2021,32035.03,35314776.48,1432013253,10.38614594,3.066666667,0.062795009
1/6/2021,34046.67,43004565.11,1026923832,11.26630535,4.7,0.082643618
1/7/2021,36860.41,45226287.01,1414154053,11.63777279,4.583333333,0.071231709
1/8/2021,39486.04,42358095.26,1836614179,15.16050123,3.666666667,0.029990599
1/9/2021,40670.25,40693122.11,1794260807,13.812072,3.816666667,-0.010561283
1/10/2021,40240.72,43171347.78,711474842.7,10.97794257,2.783333333,-0.049716556
1/11/2021,38240.09,37697672.11,1415450813,13.66581823,6.35,-0.070479698
1/12/2021,35544.94,38534703.86,3039065356,17.09544207,4.633333333,-0.043131878
1/13/2021,34011.82,37493720.35,1344114135,14.80681884,2.216666667,0.099415733
1/14/2021,37393.13,42518141.32,1209077692,16.36282245,5.166666667,0.047210276
1/15/2021,39158.47,41733817.69,988940894.5,15.99043285,3.333333333,-0.059500537
1/16/2021,36828.52,38126679.7,1194986405,10.60028345,2.883333333,-0.020726328
1/17/2021,36065.2,31937013.52,685084801.6,8.679417881,2.816666667,-0.007547165
1/18/2021,35793.01,36250411.75,650030053.9,9.705959227,3.25,0.02344983
1/19/2021,36632.35,38439879.38,590495165.8,11.0367928,4.6,-0.016712551
1/20/2021,36020.13,34297105.94,579558848.9,10.42364316,4.1,-0.013357809
1/21/2021,35538.98,30287474.72,913461956.8,13.48327307,2.416666667,-0.13340563
1/22/2021,30797.88,31865792.14,1473827004,11.29271159,4.716666667,0.071579602
1/23/2021,33002.38,33751644.51,1271924926,7.993262389,3.233333333,-0.027350755
1/24/2021,32099.74,30284997.16,414697183.1,7.249713613,2.366666667,0.005517179
1/25/2021,32276.84,33137293.92,362355621.5,10.90615557,4.583333333,-0.001040374
1/26/2021,32243.26,35209827.73,724029496.8,7.720712671,3.283333333,0.009258989
1/27/2021,32541.8,30148573.7,782611741.2,7.964007811,2.65,-0.065227799
1/28/2021,30419.17,32031715.88,1231838586,8.464656499,3.916666667,0.098096036
1/29/2021,33403.17,39455373.63,1030518859,17.38183227,3.05,0.027275555
1/30/2021,34314.26,33651946.62,2130003473,15.10536832,3.583333333,0.000111907
1/31/2021,34318.1,33412205.27,559013708.2,11.53883512,2.966666667,-0.034431976
2/1/2021,33136.46,30096215.73,358122291.5,15.56614392,2.316666667,0.011662079
2/2/2021,33522.9,38671645.46,555827113.9,14.10586319,5.316666667,0.059862363
2/3/2021,35529.66,39131400.44,598901450.2,14.26763937,4.616666667,0.060416846
2/4/2021,37676.25,43879560.22,704292313.8,17.05429036,3.316666667,-0.017893501
2/5/2021,37002.09,45671119.75,833075414.8,15.01903958,4.1,0.034498592
2/6/2021,38278.61,45346981.33,464369301.5,14.03433658,2.666666667,0.027290698
2/7/2021,39323.26,41085629.48,815234883.5,11.45013229,3.866666667,-0.010049014
2/8/2021,38928.1,48670642.8,507510700.4,16.97861249,4.5,0.191023965
2/9/2021,46364.3,51636507.5,1848583587,25.34398956,3.35,0.004858911
2/10/2021,46589.58,49429153.26,1278680840,22.45037832,4.933333333,-0.03673375
2/11/2021,44878.17,47377470.06,854939011.7,28.50803937,4.466666667,0.069860469
2/12/2021,48013.38,53308083.08,990292287,28.11424448,2.583333333,-0.011288103
2/13/2021,47471.4,53952453.19,689712445.3,20.29400775,3.65,-0.006029104
2/14/2021,47185.19,50339561.18,410208224.1,17.28678734,3.133333333,0.032535209
2/15/2021,48720.37,51761591.28,517594005.2,18.90333252,4.45,-0.0157741
2/16/2021,47951.85,42832906.96,708415696.9,19.7908171,4,0.025197151
2/17/2021,49160.1,51285528.64,899200170.7,22.82504089,2.65,0.060173393
2/18/2021,52118.23,53678746.91,1071500775,23.99884855,4.966666667,-0.009786979
2/19/2021,51608.15,59244126.44,665321948.2,25.06058158,4.333333333,0.083481969
2/20/2021,55916.5,59691256.69,1203321962,25.97586191,3.85,0.001514759
2/21/2021,56001.2,57635434.79,737451802.2,24.05930039,3.283333333,0.026546931
2/22/2021,57487.86,52905473.9,515842591.9,25.21470136,3.383333333,-0.058524704
2/23/2021,54123.4,48487887.64,1925933019,30.85654781,4.216666667,-0.09687067
2/24/2021,48880.43,59746178.58,2125994180,26.36595718,4.133333333,0.035687288
2/25/2021,50624.84,57792548.42,1058762335,23.28634747,2.716666667,-0.075544338
2/26/2021,46800.42,47395143.8,915917915.7,22.64314096,4.716666667,-0.009831322
2/27/2021,46340.31,51148405.65,1077018778,15.32153175,3.733333333,-0.00398012
2/28/2021,46155.87,40396048.68,399909227.6,14.61403991,2.183333333,-0.022574593
3/1/2021,45113.92,44513744.1,724061272.7,20.78565783,4.5,0.099847453
3/2/2021,49618.43,50567917.71,967845187.2,19.09361592,3.733333333,-0.025441958
3/3/2021,48356.04,55147754.83,645712708.9,20.0817084,2.85,0.043875801
3/4/2021,50477.7,45722350.32,806146031.4,19.13342899,3.316666667,-0.040191807
3/5/2021,48448.91,49815984.01,781773549.7,17.19444156,2.15,0.008513504
3/6/2021,48861.38,49711918.89,757198942.5,13.07898012,3.616666667,0.000413619
3/7/2021,48881.59,49451162.5,314191307.9,13.73474769,3.033333333,0.046809238
3/8/2021,51169.7,53803631.22,439137853.7,15.78380351,2.55,0.022076151
3/9/2021,52299.33,52888356.46,593714546,18.94286815,3.216666667,0.04937329
3/10/2021,54881.52,57652864.48,757075750.4,17.78247527,3.616666667,0.02032943
3/11/2021,55997.23,52736912.57,1017432151,21.52641955,2.983333333,0.031551025
3/12/2021,57764,60000114.24,867544807.9,20.78285305,3.9,-0.008841493
3/13/2021,57253.28,59410978.33,701008587.8,24.94947234,2.35,0.069960184
3/14/2021,61258.73,64756375.03,988962162.3,17.37839881,4.066666667,-0.034693178
3/15/2021,59133.47,59673362.69,461229239.3,22.08740215,3.983333333,-0.057137692
3/16/2021,55754.72,57657199.42,1029700471,19.14099737,2.633333333,0.020046016
3/17/2021,56872.38,54456146.88,933139262.1,20.05790879,5.016666667,0.035880686
3/18/2021,58913,64386085.97,870414831.5,24.07938428,4.15,-0.021168503
3/19/2021,57665.9,61617467.95,769968936.6,21.67674617,2.15,0.007096048
3/20/2021,58075.1,61522483.5,512236900.8,17.15350776,3.5,0.000184244
3/21/2021,58085.8,60066262.68,388273949.2,14.83669348,1.866666667,-0.01161437
3/22/2021,57411.17,58540676.98,493777972.2,16.2400834,2.5,-0.055846449
3/23/2021,54204.96,60904323.72,818803864.3,14.13708819,3.5,0.005027215
3/24/2021,54477.46,56905120.73,694554383.7,14.91543628,2.166666667,-0.03614761
3/25/2021,52508.23,55913485.58,930278334.3,13.78810147,4.316666667,-0.020802644
3/26/2021,51415.92,49554041.06,798490265.9,14.73661304,3.533333333,0.071155977
3/27/2021,55074.47,59212965.3,654657557.8,12.71628388,2.183333333,0.014334409
3/28/2021,55863.93,58772016.35,417333165,13.03726488,3.116666667,-0.001435989
3/29/2021,55783.71,59732041.29,354789416.1,15.06768073,2.6,0.033055528
3/30/2021,57627.67,58978791.98,778905384.4,17.61306637,3.3,0.01913074
3/31/2021,58730.13,63698731.01,505528990.8,18.100249,3.65,8.72E-05
4/1/2021,58735.25,58722692.66,716750367.2,17.0018883,2.466666667,2.84E-05
4/2/2021,58736.92,57243512.86,384195844.2,17.33890306,4.25,0.00501218
4/3/2021,59031.32,54056516.12,484719745.7,17.5907493,3.483333333,-0.033115133
4/4/2021,57076.49,56501558.98,350520423.4,15.77091949,1.883333333,0.019799045
4/5/2021,58206.55,62213130.42,244447137.7,19.06412354,4.233333333,0.014561076
4/6/2021,59054.1,58865753.67,401549573.2,20.09130933,2.816666667,-0.017503272
4/7/2021,58020.46,61699929.4,389087525.6,17.90663451,2.7,-0.03573205
4/8/2021,55947.27,53025106.54,756167636.1,18.8047071,3.866666667,0.037558937
4/9/2021,58048.59,62936805.51,475807458.1,20.84947402,2,0.000930083
4/10/2021,58102.58,64092742.42,407439694,18.02984316,4.366666667,0.028766709
4/11/2021,59774,58799840.66,689236659.5,14.84258426,2.866666667,0.003193194
4/12/2021,59964.87,59662203.18,315279095.9,18.95188877,2.283333333,-0.002170104
4/13/2021,59834.74,61441759.04,533381831,20.47239265,4.633333333,0.062166227
4/14/2021,63554.44,63141327.4,932699539.7,29.09402241,3.966666667,-0.009209742
4/15/2021,62969.12,80172244.97,1004822806,27.43777099,2.683333333,0.004502366
4/16/2021,63252.63,48356808.52,480649145.1,39.39264581,3.85,-0.028404353
4/17/2021,61455.98,45028087.59,905029645.8,51.64191829,2.4,-0.022274317
4/18/2021,60087.09,57721965.52,444839749,44.43854349,2.916666667,-0.063834178
4/19/2021,56251.48,47180246.47,1795641744,58.61090521,3.333333333,-0.00974801
4/20/2021,55703.14,62004693.81,829117286.5,59.85844265,1.933333333,0.01444748
4/21/2021,56507.91,49225543.81,971129684.1,62.78816638,3.5,-0.047765171
4/22/2021,53808.8,64293952.91,629420904.8,58.7443207,2.716666667,-0.038601307
4/23/2021,51731.71,55567384.89,1187405699,45.47770986,2.516666667,-0.011184243
4/24/2021,51153.13,53877732.97,1413848471,29.02194839,3.216666667,-0.020381939
4/25/2021,50110.53,49453312.87,458274326.7,23.94364969,1.633333333,-0.020653344
4/26/2021,49075.58,47389587.56,576635611.2,37.15375967,2.516666667,0.101497731
4/27/2021,54056.64,57182089.26,848207062.8,29.69209747,3.583333333,0.018773272
4/28/2021,55071.46,56029341.16,509014490.5,26.85786621,2.366666667,-0.003402125
4/29/2021,54884.1,48848197.6,563311741.8,30.02644999,3.533333333,-0.023685366
4/30/2021,53584.15,59389761.3,579652972.7,27.67765772,3.4,0.078614105
5/1/2021,57796.62,56995422.31,683907404.5,22.66046226,2.233333333,0.001053349
5/2/2021,57857.5,70637245.5,337492054.7,20.55797542,3.016666667,-0.021553645
5/3/2021,56610.46,71252796.33,286521389,22.35127237,2.666666667,0.010649445
5/4/2021,57213.33,68034176.3,571622385,18.27344869,3.1,-0.069417564
5/5/2021,53241.72,61161963.09,836868262.6,18.02066946,3.716666667,0.079477335
5/6/2021,57473.23,66659326.28,775797222.6,20.0147484,2.833333333,-0.018183596
5/7/2021,56428.16,71663298.61,605987088.8,18.91034054,4.216666667,0.016872958
5/8/2021,57380.27,67678884.92,622419281.4,18.59750109,3.916666667,0.026987325
5/9/2021,58928.81,71465404.02,523002028.1,16.38650376,2.166666667,-0.010997677
5/10/2021,58280.73,71072062.5,534233808.4,19.21120694,4.016666667,-0.041132464
5/11/2021,55883.5,64607298.4,903456809,14.63988355,3.15,0.015505471
5/12/2021,56750,64585949.48,546570032.5,14.34761591,2.633333333,-0.136438943
5/13/2021,49007.09,53650242.51,928999961.2,12.91719892,3.55,0.014185294
5/14/2021,49702.27,45652932.82,1528100267,13.84146962,2.333333333,0.004431387
5/15/2021,49922.52,41386831.59,573671658.7,13.12596921,3.2,-0.063817692
5/16/2021,46736.58,41709082.88,536658388.2,11.23477924,2.366666667,-0.006310689
5/17/2021,46441.64,36875391.37,795540649,13.44047024,2.033333333,-0.061268293
5/18/2021,43596.24,30628667.24,1365356635,13.40578761,3.083333333,-0.015690573
5/19/2021,42912.19,36558890.15,776420981.7,18.31081832,3.383333333,-0.138606769
5/20/2021,36964.27,33135536.44,3192479061,23.13445749,2.183333333,0.103344392
5/21/2021,40784.32,31984319.4,1507671103,22.54862912,3,-0.085914636
5/22/2021,37280.35,31076144.88,1438210290,17.15938281,1.65,0.006650957
5/23/2021,37528.3,28944158.98,666031627.8,14.55374888,3.216666667,-0.073911155
5/24/2021,34754.54,32668797.24,1106858419,15.31772822,2.633333333,0.114346212
5/25/2021,38728.59,32577927.95,1032788865,13.97952968,1.883333333,-0.008213312
5/26/2021,38410.5,32976616.14,719154798.1,13.25058381,3.883333333,0.022273597
5/27/2021,39266.04,30872457.37,676198904.2,12.00490999,2.5,-0.020902286
5/28/2021,38445.29,29892496.44,489470054.2,11.66759013,1.566666667,-0.071677701
5/29/2021,35689.62,27237217.14,694420431.2,8.433608451,2.183333333,-0.029194763
5/30/2021,34647.67,33235125.09,458364767.2,7.221702624,1.383333333,0.029927554
5/31/2021,35684.59,33914623.68,329083645.8,7.274289295,1.65,0.045564486
6/1/2021,37310.54,34238305.82,481997703.4,7.365247436,2.5,-0.017365066
6/2/2021,36662.64,41033277.74,465003628.5,7.610751494,1.566666667,0.025164582
6/3/2021,37585.24,37237145.29,472220579.5,7.513880953,3.7,0.042659033
6/4/2021,39188.59,32433139.61,439066611,6.637818731,3.083333333,-0.058769147
6/5/2021,36885.51,31004148.54,501492074.3,5.563274416,1.333333333,-0.036738817
6/6/2021,35530.38,34551597.29,437701949,4.384585203,2.433333333,0.008043539
6/7/2021,35816.17,32065211.21,244244789.7,5.244371403,2.05,-0.064253101
6/8/2021,33514.87,31680869.7,468061636.3,4.685749891,2.3,-0.00192989
6/9/2021,33450.19,29082024.73,898174396.7,5.583895313,2.7,0.116237606
6/10/2021,37338.36,28990968.61,839878615.1,6.782823688,1.95,-0.016974232
6/11/2021,36704.57,25753794.51,619830807.7,6.954110734,3.6,0.016581314
6/12/2021,37313.18,31189778.56,418192315.6,5.736124763,2.116666667,-0.048730234
6/13/2021,35494.9,31382108.55,400987660,4.521135516,1.566666667,0.100631922
6/14/2021,39066.82,36421303.12,496421300.4,6.202846277,3.75,0.037345758
6/15/2021,40525.8,34465050.94,773480687.2,6.439971039,2.316666667,-0.008321612
6/16/2021,40188.56,31780141.8,563639731.4,6.084041876,2.216666667,-0.046373645
6/17/2021,38324.87,32585835.14,527484731.5,5.090418356,2.766666667,-0.006701393
6/18/2021,38068.04,29858234.32,473543196.1,5.125852757,1.616666667,-0.061422127
6/19/2021,35729.82,23856840,492347272.5,4.708340416,2.433333333,-0.005755697
6/20/2021,35524.17,23743052.1,344470416.4,4.749592435,2,0.001919257
6/21/2021,35592.35,23126700.28,467990641,6.465483691,1.4,-0.109737064
6/22/2021,31686.55,19804046.13,881732120.9,7.783322204,3.35,0.024017761
6/23/2021,32447.59,23621428.33,1181870045,8.06153746,2.5,0.037816984
6/24/2021,33674.66,23766132.39,567894517.4,6.965044972,2.166666667,0.028648248
6/25/2021,34639.38,24364896.16,346763748.6,6.723152826,2.583333333,-0.086571988
6/26/2021,31640.58,18459502.49,487441486.4,5.100411205,1.483333333,0.016445021
6/27/2021,32160.91,13064509.93,383763274.7,7.177179226,2.416666667,0.077222317
6/28/2021,34644.45,20581265.56,356498319.4,8.348670983,2.883333333,-0.005420204
6/29/2021,34456.67,21860395.24,355900532.5,9.220051317,1.75,0.040370413
6/30/2021,35847.7,21597056.01,385135142.1,9.950943887,3.533333333,-0.022326119
7/1/2021,35047.36,22482193.6,406967841.5,10.61491161,2.283333333,-0.043098253
7/2/2021,33536.88,20787750.55,324116506,10.94869608,1.616666667,0.009541138
7/3/2021,33856.86,29286315.16,217066486.5,8.540522686,2.55,0.024577589
7/4/2021,34688.98,26850966.69,169572916.1,8.921049286,1.616666667,0.017882336
7/5/2021,35309.3,29781454.42,130884160.1,7.233005637,1.6,-0.044218662
7/6/2021,33747.97,31922406.81,262649988.6,7.045752952,2.9,0.013720529
7/7/2021,34211.01,27871474.46,258109070.3,5.918565185,1.683333333,-0.010872816
7/8/2021,33839.04,29946768.13,205349507.1,4.170625319,3.266666667,-0.028417768
7/9/2021,32877.41,28042394.09,358897369.4,3.919572118,2.533333333,0.028624822
7/10/2021,33818.52,34562838.34,195359782.7,3.454604455,1.433333333,-0.008958109
7/11/2021,33515.57,27450462.49,179503025,3.792189358,2.166666667,0.021245946
7/12/2021,34227.64,27887294.47,135783786.1,4.401480191,1.85,-0.031243463
7/13/2021,33158.25,28926080.15,192174937.9,4.519262067,1.966666667,-0.014225419
7/14/2021,32686.56,35713899.1,196978689.7,3.428913535,2.833333333,0.003917512
7/15/2021,32814.61,26360965.37,250745295,3.209822377,1.783333333,-0.032790882
7/16/2021,31738.59,30312671.3,242886859.9,2.456957409,3.016666667,-0.009998554
7/17/2021,31421.25,28583415.04,223188595.1,2.186896338,2.083333333,0.003163782
7/18/2021,31520.66,28985344.27,153024608.9,2.375434398,1.316666667,0.008338341
7/19/2021,31783.49,33665753.26,119375610.1,2.603296106,3.35,-0.030441906
7/20/2021,30815.94,23622405.81,227653989.4,2.311102706,2.333333333,-0.033284722
7/21/2021,29790.24,28599770.53,334239343.1,1.916524669,2.183333333,0.078140357
7/22/2021,32118.06,32359585.96,446695087.9,1.984028261,2.75,0.005599031
7/23/2021,32297.89,27972459.85,205069638.9,2.709063264,1.416666667,0.039746869
7/24/2021,33581.63,33022007.46,190920633.6,2.19251829,2.683333333,0.020776538
7/25/2021,34279.34,33196893.29,149062681.6,1.914692148,1.9,0.031676806
7/26/2021,35365.2,36493145.88,213671233.6,2.674277557,1.983333333,0.055222083
7/27/2021,37318.14,40625844.54,985237333.7,2.373035058,3.633333333,0.05594625
7/28/2021,39405.95,39723886.33,636929009.5,2.466535598,2.516666667,0.015139338
7/29/2021,40002.53,40901817.9,648707028.1,2.248952783,2.15,8.50E-05
7/30/2021,40005.93,42087445.19,291830057.4,2.254912869,2.933333333,0.055197317
7/31/2021,42214.15,41621939.12,484267642.4,2.254715743,1.766666667,-0.013149382
8/1/2021,41659.06,40874038.11,231216114.8,2.150652633,2.85,-0.039813668
8/2/2021,40000.46,35937889.13,273365143.7,2.230378609,2.783333333,-0.020162768
8/3/2021,39193.94,41637592.38,304362108.8,1.997380817,1.683333333,-0.02694141
8/4/2021,38138,33520445.17,357077322.3,2.446520064,3.466666667,0.042271226
8/5/2021,39750.14,39935192.17,381430418.4,2.379503773,2.433333333,0.028474365
8/6/2021,40882,41573126.86,589529887,2.259807168,2.05,0.047550267
8/7/2021,42825.95,45850268.79,458571279.2,2.129156228,2.616666667,0.042221597
8/8/2021,44634.13,44179354.82,577948603,2.27676123,1.683333333,-0.018326559
8/9/2021,43816.14,43228448.22,424351429,2.415067318,1.866666667,0.057451889
8/10/2021,46333.46,48233368.67,673221003.8,2.438608452,2.883333333,-0.015649382
8/11/2021,45608.37,42939210.62,341739411.7,2.33121333,2.45,6.78E-05
8/12/2021,45611.46,42929376.78,357102154.9,2.294387508,3.733333333,-0.026170616
8/13/2021,44417.78,42018438.48,364203587.1,4.17188116,3.033333333,0.076910643
8/14/2021,47833.98,48765927.54,413817979.4,2.45318062,1.933333333,-0.015089482
8/15/2021,47112.19,53211493.46,289525608,2.421874964,2.25,-0.001183982
8/16/2021,47056.41,47962042.26,238769871.1,2.901476894,2.2,-0.022820695
8/17/2021,45982.55,51238797.93,328414269.5,2.777243391,2.266666667,-0.02901057
8/18/2021,44648.57,38733931.86,391450533.2,2.815211675,2.583333333,0.002895725
8/19/2021,44777.86,44064382.99,318619549.5,2.304136063,1.916666667,0.043699945
8/20/2021,46734.65,48449546.19,334784600,2.772988268,4.5,0.055485598
8/21/2021,49327.75,52705962.51,393922039.2,2.556793569,2.65,-0.008022462
8/22/2021,48932.02,50723143.43,293309782.2,2.978026748,1.75,0.008249404
8/23/2021,49335.68,62783444.84,175696197,2.650576577,3.733333333,0.003806981
8/24/2021,49523.5,48446097.44,347662893.8,2.763486834,2.516666667,-0.035920725
8/25/2021,47744.58,48840322.24,329218454.4,2.355597163,2.183333333,0.025709934
8/26/2021,48972.09,44344740.94,308193605.4,2.111370266,2.9,-0.041029288
8/27/2021,46962.8,44045251.7,350695648.3,2.217093087,2.033333333,0.04458976
8/28/2021,49056.86,43653820.95,314537378.7,2.398724043,3.266666667,-0.003245418
8/29/2021,48897.65,48550300.1,127683988.6,2.210638595,2.283333333,-0.001858372
8/30/2021,48806.78,41207632.5,185179756.3,2.402999831,1.783333333,-0.035487078
8/31/2021,47074.77,43189750.75,243698081.6,2.397410968,3.833333333,0.001722791
9/1/2021,47155.87,41665458.82,261861261.7,3.016699762,2.716666667,0.036196766
9/2/2021,48862.76,47307177.3,295404213.2,3.424784885,2.283333333,0.009542032
9/3/2021,49329.01,47116728.86,333198224.2,3.246823346,3.416666667,0.014318552
9/4/2021,50035.33,49149539.31,364637470.9,2.638333907,2.05,-0.001757758
9/5/2021,49947.38,52134864.52,190864422.7,2.576131668,2.866666667,0.036471983
9/6/2021,51769.06,57266555.77,205763894.3,3.302612514,3.566666667,0.017546001
9/7/2021,52677.4,50271634.78,345881388.7,3.557262127,1.783333333,-0.111399386
9/8/2021,46809.17,41770433.46,984208204.1,2.516571636,4.316666667,-0.015612112
9/9/2021,46078.38,40368816.13,440223166.1,2.390406099,3.1,0.006300352
9/10/2021,46368.69,39761194.03,315266287.6,2.476964567,2.116666667,-0.032806836
9/11/2021,44847.48,42455401.02,348659557.7,2.250638797,2.5,0.006629358
9/12/2021,45144.79,42869858.34,133023638.2,2.012471669,1.616666667,0.020253278
9/13/2021,46059.12,45344744.03,137153005.2,2.673988981,2.283333333,-0.023673053
9/14/2021,44968.76,49469863.81,398357109.5,2.560390557,3.033333333,0.046773805
9/15/2021,47072.12,43026873.4,260550303.6,3.022143026,1.95,0.023277685
9/16/2021,48167.85,41447857.66,241115251.8,2.959697271,4.016666667,-0.00794285
9/17/2021,47785.26,45000740.71,265469578.4,2.630343863,3.166666667,-0.010916756
9/18/2021,47263.6,47817679.6,233662731,2.461235782,2.016666667,0.021070126
9/19/2021,48259.45,48131991.96,171820050.2,1.961896557,2.666666667,-0.020929994
9/20/2021,47249.38,46493150.41,135623202.9,2.281168406,2.283333333,-0.092018562
9/21/2021,42901.56,33328734.04,605141090.3,2.564690316,2.566666667,-0.053198299
9/22/2021,40619.27,36087715.34,726831468.8,2.160101925,2.716666667,0.073499351
9/23/2021,43604.76,46022168.08,355516149,2.260371309,1.983333333,0.029450913
9/24/2021,44888.96,40572791.53,369977052.8,2.497557996,3.883333333,-0.046189531
9/25/2021,42815.56,38679199.26,594658890.5,1.712537713,2.383333333,-0.001717833
9/26/2021,42742.01,38084247.82,132297206.5,1.854755742,1.6,0.010308827
9/27/2021,43182.63,43218816.61,231309916.7,2.143370696,3.516666667,-0.021870599
9/28/2021,42238.2,40399023.49,249740960.4,2.177376964,2.7,-0.02905048
9/29/2021,41011.16,34503900.23,275833680.2,1.951464302,2.233333333,0.012465387
9/30/2021,41522.38,46789306.05,221224597.1,2.177211209,3.3,0.05383675
10/1/2021,43757.81,40884975.74,360342502.3,2.726000881,2.033333333,0.100148979
10/2/2021,48140.11,56739068.28,688291406.5,2.01121876,3.55,-0.008579332
10/3/2021,47727.1,45436120.54,184243787.8,2.202051238,2.416666667,0.010028265
10/4/2021,48205.72,47639372.83,183312373.5,2.454794113,1.8,0.019463043
10/5/2021,49143.95,52076953.34,370887916.3,2.451799069,3.716666667,0.048060443
10/6/2021,51505.83,43942894.7,437607953.3,3.589538221,2.95,0.074514477
10/7/2021,55343.76,49405388.01,869275029.9,4.498459588,2.516666667,-0.027874145
10/8/2021,53801.1,41966394.78,402001281.2,4.022625652,3.716666667,0.001230458
10/9/2021,53867.3,52134455.44,375062388.4,3.266716402,2.866666667,0.023303377
10/10/2021,55122.59,55625852.15,168430381.1,3.326720057,3.083333333,-0.009013546
10/11/2021,54625.74,52898159.5,294613549.8,4.206979782,3.316666667,0.051738796
10/12/2021,57452.01,48626582.28,350997309.9,3.942408841,1.716666667,-0.021044869
10/13/2021,56242.94,60196305.45,516916488.1,3.259103812,4.1,0.020691486
10/14/2021,57406.69,51775839.06,471270462.4,3.347746878,3.35,-0.000155905
10/15/2021,57397.74,54670343.84,339375043.3,4.084309407,2.466666667,0.073930263
10/16/2021,61641.17,51917022.71,825023911.6,3.562454065,3.166666667,-0.01123259
10/17/2021,60948.78,61555796.56,263628462.5,3.195341525,1.75,0.009802165
10/18/2021,61546.21,58173901.82,271015043,3.427371993,2.116666667,0.006911555
10/19/2021,61971.59,61804734.86,753842251.7,3.018701796,3.366666667,0.03737277
10/20/2021,64287.64,61742492.21,594456878.2,4.208406375,2.15,0.027624595
10/21/2021,66063.56,60807152.15,650092516.5,4.062618197,4.583333333,-0.056138361
10/22/2021,62354.86,63205405.9,917892846,3.485988325,3.25,-0.02658654
10/23/2021,60697.06,56004608.35,529183068.8,3.040450821,1.816666667,0.009559277
10/24/2021,61277.28,58596760.65,191872031.9,2.579483376,2.733333333,-0.006415102
10/25/2021,60884.18,74417752.59,228927561,3.090479026,2.533333333,0.035910149
10/26/2021,63070.54,59364122.89,277562724.5,2.909640193,2.383333333,-0.043211458
10/27/2021,60345.17,59080371.71,379278445.2,2.553183699,3.55,-0.029939099
10/28/2021,58538.49,58309865.55,590784490.3,2.654358522,2.016666667,0.034995778
10/29/2021,60587.09,68395070.24,692953330.3,3.164126508,5.033333333,0.027433072
10/30/2021,62249.18,60386548.97,563700561.9,2.548760987,2.816666667,-0.008319628
10/31/2021,61731.29,53663037.31,226334070.9,2.523938888,2.2,-0.005796898
11/1/2021,61373.44,57638512.19,267709104.1,3.202410406,4.416666667,-0.005604053
11/2/2021,61029.5,62861190.13,412970758.8,3.700567589,2.733333333,0.036238377
11/3/2021,63241.11,64240988.99,520838604.1,3.465048303,2.85,-0.004526328
11/4/2021,62954.86,56277841.55,424004759.4,3.498620939,3.766666667,-0.024033569
11/5/2021,61441.83,60649721.92,282279127.5,3.766609691,1.883333333,-0.006013981
11/6/2021,61072.32,59379244.68,261917194.4,2.777606294,3.316666667,0.007269906
11/7/2021,61516.31,60030049.95,211867708.1,2.648839187,2.4,0.028885185
11/8/2021,63293.22,57270493.49,216409013.2,3.683014592,2.433333333,0.067447193
11/9/2021,67562.17,65840419.26,577118758.6,4.690800049,4.316666667,-0.009000007
11/10/2021,66954.11,63548112.52,466601853.5,4.101072789,3,-0.029533362
11/11/2021,64976.73,65183349.25,829053692.5,3.442764761,2.483333333,-0.002122606
11/12/2021,64838.81,57924016.81,309495740.2,3.383542984,3.583333333,-0.00900911
11/13/2021,64254.67,62698179.56,490505372.2,2.868310031,2,0.002587672
11/14/2021,64420.94,65428799.07,168246880.6,2.490990827,3.05,0.016265053
11/15/2021,65468.75,63153343.38,214318500,2.849088017,3.55,-0.028784726
11/16/2021,63584.25,58617039.19,348327874.2,2.621305769,2.8,-0.05366093
11/17/2021,60172.26,56531418.52,831553555.7,2.777579442,4.133333333,0.003474857
11/18/2021,60381.35,53828907.24,549940655.7,2.359574797,2.766666667,-0.057302627
11/19/2021,56921.34,49667132.61,810589480.7,2.658966559,2.45,0.02128692
11/20/2021,58133.02,53936028.21,479879941.5,3.043044798,2.8,0.028296483
11/21/2021,59777.98,50108593.38,233278784.7,2.456430443,1.916666667,-0.017097935
11/22/2021,58755.9,51325923.63,174269411.8,2.532434789,4.483333333,-0.041772486
11/23/2021,56301.52,48326099.81,494762556.3,2.462032104,3.766666667,0.02267612
11/24/2021,57578.22,57141084.07,480199475.9,2.662532668,2.3,-0.006785205
11/25/2021,57187.54,48130860.02,332409438.8,3.015510094,4.8,0.030564525
11/26/2021,58935.45,46589569.53,289094884.2,2.765389885,3.033333333,-0.090730452
11/27/2021,53588.21,49251516.2,777492583,1.91506397,2.25,0.022634456
11/28/2021,54801.15,47788162.45,277078998.5,1.879425142,2.35,0.045457623
11/29/2021,57292.28,52131631.56,252736299.4,2.128552404,2.683333333,0.009358503
11/30/2021,57828.45,48794504.36,367826530.5,2.471659979,4.716666667,-0.013880019
12/1/2021,57025.79,50326073.91,522506214.2,4.09514237,3.066666667,0.003576803
12/2/2021,57229.76,56025370.8,479668944.2,3.420755884,2.266666667,-0.012603233
12/3/2021,56508.48,60163624.38,431885271.3,2.553969326,4.75,-0.049455232
12/4/2021,53713.84,48318140.2,505379017.8,3.351384772,2.85,-0.083032232
12/5/2021,49253.86,52043857.44,1243669816,4.986718443,1.733333333,0.002569748
12/6/2021,49380.43,53085916.58,618347670.1,2.229302142,3.25,0.02398116
12/7/2021,50564.63,49684990.71,595736795.6,2.014915243,2.866666667,0.001597559
12/8/2021,50645.41,53150535.42,308543486.2,1.954473359,2.516666667,-0.002651573
12/9/2021,50511.12,50546267.61,301494308.8,2.088537374,3.333333333,-0.056451728
12/10/2021,47659.68,47537565.14,355604123.6,2.058855926,2,-0.01095727
12/11/2021,47137.46,46068658.14,337628656.5,1.699542428,2.883333333,0.047567476
12/12/2021,49379.67,43658657.59,212503434.7,1.509899689,2.25,0.014936916
12/13/2021,50117.25,43671664.55,202841550.6,2.266477144,1.9,-0.067045977
12/14/2021,46757.09,44651133.47,503961475.6,2.000415862,3.65,0.03498293
12/15/2021,48392.79,43208574.52,345859882.6,2.000790946,2.433333333,0.010164117
12/16/2021,48884.66,35647706.32,432899084.3,1.997833569,2.666666667,-0.02508517
12/17/2021,47658.38,45001267.21,273509536.5,2.350711928,3.25,-0.031156535
12/18/2021,46173.51,37344542.96,356309895,1.696429134,1.683333333,0.014947098
12/19/2021,46863.67,44556197.85,159581106.4,1.582865881,2.966666667,-0.003721219
12/20/2021,46689.28,42533811.44,192533517.7,1.923450858,3.416666667,0.004730208
12/21/2021,46910.13,48349569.82,276202623.5,1.822034892,2.1,0.043155711
12/22/2021,48934.57,45795454.37,345514275.8,1.8405072,4.216666667,-0.006257744
12/23/2021,48628.35,47340546.69,211733671.3,1.831507202,3.05,0.044363833
12/24/2021,50785.69,49180777.12,312600141.9,2.351635804,3.166666667,0.000575556
12/25/2021,50814.92,47109105.27,239081657.9,2.035088607,2.433333333,-0.006770256
12/26/2021,50470.89,42660691.9,123194900.1,1.970658434,1.666666667,0.006542781
12/27/2021,50801.11,47659524.98,141498363.7,2.678836249,3.816666667,-0.002141882
12/28/2021,50692.3,43360200.31,193668918.3,3.411168099,3.216666667,-0.060976519
12/29/2021,47601.26,43919738.5,358069054,2.829209419,1.783333333,-0.025049547
12/30/2021,46408.87,35335901.08,265370559.5,3.3438114,3.916666667,0.015602405
12/31/2021,47132.96,44744369.16,266888972,3.160199469,2.866666667,-0.018742723
1/1/2022,46249.56,50149010.75,313877726.4,2.305435598,1.966666667,0.032730474
1/2/2022,47763.33,48206934.99,180494758.3,2.242059834,2.216666667,-0.009117036
1/3/2022,47327.87,41960366.09,127274108,2.336014463,1.8,-0.018717935
1/4/2022,46441.99,43285514.64,200401831,2.247130966,3.783333333,-0.012467381
1/5/2022,45862.98,43723000.84,246887759.4,2.669277048,3.083333333,-0.052914355
1/6/2022,43436.17,40297229.2,461984932.3,2.498024044,2.35,-0.007264453
1/7/2022,43120.63,38347303.45,393637882.3,2.415027749,3.566666667,-0.036933366
1/8/2022,41528.04,37777816.27,488956956.9,1.797875442,2.416666667,0.00392241
1/9/2022,41690.93,37068053.16,219239676.7,1.560466445,1.9,0.004161816
1/10/2022,41864.44,37634287.25,183137667.4,1.797973159,3.666666667,-0.000368809
1/11/2022,41849,41815945.09,429424725.2,1.76471414,2.666666667,0.02089345
1/12/2022,42723.37,37614100.69,330038460.5,1.831969653,2.55,0.028149231
1/13/2022,43926,49600693.78,306079003.6,1.670150181,3.383333333,-0.031406456
1/14/2022,42546.44,42691914.99,272189573.5,1.518706463,1.533333333,0.012995917
1/15/2022,43099.37,45035758.87,217414772,1.366038283,3.416666667,0.001094216
1/16/2022,43146.53,47466219.96,111568728.7,1.270883649,2.433333333,-0.001021867
1/17/2022,43102.44,43763608.22,107637568.3,1.517689823,1.916666667,-0.019815352
1/18/2022,42248.35,36125898.01,154783167.5,1.500496152,3.4,0.003151129
1/19/2022,42381.48,46790137.07,202865735.1,1.339317925,2.466666667,-0.015894443
1/20/2022,41707.85,46535284.66,219649804.2,1.547104536,2.5,-0.024538067
1/21/2022,40684.42,32978968.48,289428557,1.724873933,3.466666667,-0.10332137
1/22/2022,36480.85,30110451.2,753687064.8,1.581389602,1.966666667,-0.038634516
1/23/2022,35071.43,31485076.14,446318667.5,1.335641739,2.783333333,0.034483624
1/24/2022,36280.82,33828656.38,257365978.5,1.511772025,3.266666667,0.010969984
1/25/2022,36678.82,35087221.53,737386595.8,1.496696716,1.85,0.007360924
1/26/2022,36948.81,31353367.59,288957799.1,1.720214895,3.45,-0.003391449
1/27/2022,36823.5,30227465.24,439495100.7,1.65766855,2.533333333,0.008781077
1/28/2022,37146.85,36132765.51,343642909.1,1.754428953,2.35,0.01677935
1/29/2022,37770.15,35684124.96,252375987.6,2.018046525,2.766666667,0.01102299
1/30/2022,38186.49,35525578.69,147213501.3,1.931850305,1.716666667,-0.007014785
1/31/2022,37918.62,34119747.25,87415311.43,1.864479537,4.416666667,0.015906961
2/1/2022,38521.79,37673152.99,230446207.8,2.079263594,3.383333333,0.005657837
2/2/2022,38739.74,36860308.93,271406357.1,1.675461886,1.966666667,-0.047162423
2/3/2022,36912.68,34674721.34,211170059.7,1.47239032,4.05,0.004868788
2/4/2022,37092.4,31845046.92,163514426.9,2.208525747,3.2,0.121097314
2/5/2022,41584.19,31486890.21,456958267.9,2.269370892,2.516666667,-0.003577321
2/6/2022,41435.43,40981670.3,209490904.4,1.948138181,2.416666667,0.024509218
2/7/2022,42450.98,37290363.05,141085407.5,2.407060556,2.3,0.032579695
2/8/2022,43834.02,43425193.84,403017431.7,2.276238568,4.066666667,0.006827117
2/9/2022,44133.28,39687367.62,366731227.5,2.412612893,3.1,0.005982334
2/10/2022,44397.3,41628004.66,269200808.7,3.338454017,1.766666667,-0.01950997
2/11/2022,43531.11,39575264.29,464258417.5,2.799358236,4,-0.025954771
2/12/2022,42401.27,50024191,322559181.3,2.29835583,2.616666667,-0.003672296
2/13/2022,42245.56,42217994.28,140455080.7,1.765420565,1.5,-0.003329817
2/14/2022,42104.89,40840022.97,90673301.66,1.90687902,3.566666667,0.011306288
2/15/2022,42580.94,48533029.99,187826655.4,2.00324144,2.35,0.045918667
2/16/2022,44536.2,43917652.27,235405883.1,1.675551339,2.616666667,-0.013189046
